timestep,state_id,entropy_H,coherence_k,emergence_eta,bifurcation_B,reducibility_score
0,STABLE_ORBIT,0.09932434396997963,0.9,0.0,0.0,0.9414490285733592
1,STABLE_ORBIT,0.0882241028881693,0.900500492142159,0.0,0.0,0.9343885677348983
2,STABLE_ORBIT,0.10387456284817861,0.9010009341352737,0.0,0.0,0.9584613950064818
3,STABLE_ORBIT,0.10516198375535123,0.9015012758353248,0.0,0.0,0.9564263359772118
4,STABLE_ORBIT,0.09025299712193435,0.9020014671083424,0.0,0.0,0.9493644341776419
5,STABLE_ORBIT,0.1006968264963334,0.9025014578354289,0.0,0.0,0.9483117607880792
6,STABLE_ORBIT,0.110402547889441,0.9030011979177819,0.0,0.0,0.9568435617234176
7,STABLE_ORBIT,0.1111181237459846,0.9035006372817129,0.0,0.0,0.954511890873013
8,STABLE_ORBIT,0.07424077999410539,0.9039997258836656,0.0,0.0,0.9626050829025266
9,STABLE_ORBIT,0.11410376325665464,0.9044984137152298,0.0,0.0,0.9476676700557665
10,STABLE_ORBIT,0.1017632522553759,0.904996650808152,0.0,0.0,0.9490388621905393
11,STABLE_ORBIT,0.09655110195653044,0.9054943872393428,0.0,0.0,0.9679496743685492
12,STABLE_ORBIT,0.10503833830639317,0.9059915731358786,0.0,0.0,0.9532380910799267
13,STABLE_ORBIT,0.10045947446115695,0.9064881586799994,0.0,0.0,0.950364906474205
14,STABLE_ORBIT,0.09620518237078428,0.9069840941141,0.0,0.0,0.9471423545891883
15,STABLE_ORBIT,0.10331893112194813,0.9074793297457155,0.0,0.0,0.9465709936555269
16,STABLE_ORBIT,0.09857078999911431,0.9079738159525016,0.0,0.0,0.9619756392438781
17,STABLE_ORBIT,0.09724448721139962,0.9084675031872054,0.0,0.0,0.9459678251898384
18,STABLE_ORBIT,0.11035141426955618,0.9089603419826306,0.0,0.0,0.9667201608528518
19,STABLE_ORBIT,0.09827005062145508,0.9094522829565944,0.0,0.0,0.9693640755682329
20,STABLE_ORBIT,0.09938973580978529,0.9099432768168749,0.0,0.0,0.9519835601457802
21,STABLE_ORBIT,0.10355200566139132,0.9104332743661507,0.0,0.0,0.9366648564757278
22,STABLE_ORBIT,0.09636183040738652,0.9109222265069301,0.0,0.0,0.9301412821232085
23,STABLE_ORBIT,0.11161004303550592,0.9114100842464707,0.0,0.0,0.9510615693551654
24,STABLE_ORBIT,0.0986400037498994,0.9118967987016888,0.0,0.0,0.9641408069455505
25,STABLE_ORBIT,0.11285372748744567,0.9123823211040568,0.0,0.0,0.9724336888793675
26,STABLE_ORBIT,0.10729701732524828,0.9128666028044905,0.0,0.0,0.9440276857207469
27,STABLE_ORBIT,0.08954011930655184,0.9133495952782232,0.0,0.0,0.9489378723051991
28,STABLE_ORBIT,0.11775690754438085,0.9138312501296681,0.0,0.0,0.952075360740613
29,STABLE_ORBIT,0.1146105720910982,0.9143115190972673,0.0,0.0,0.9364403229560736
30,STABLE_ORBIT,0.08860551907827897,0.9147903540583278,0.0,0.0,0.9502675072780877
31,STABLE_ORBIT,0.10063902646405895,0.9152677070338432,0.0,0.0,0.9459649878336981
32,STABLE_ORBIT,0.0946859251227992,0.9157435301933016,0.0,0.0,0.9305556017527719
33,STABLE_ORBIT,0.08797021489207477,0.9162177758594773,0.0,0.0,0.9466343194243061
34,STABLE_ORBIT,0.10126552451536734,0.916690396513209,0.0,0.0,0.9444572666052669
35,STABLE_ORBIT,0.0990545388318518,0.9171613447981608,0.0,0.0,0.9510158243301562
36,STABLE_ORBIT,0.09799396236008409,0.9176305735255669,0.0,0.0,0.935795965038555
37,STABLE_ORBIT,0.09696739719041043,0.9180980356789605,0.0,0.0,0.9510754891198122
38,STABLE_ORBIT,0.08494466797480252,0.9185636844188846,0.0,0.0,0.9457429654271977
39,STABLE_ORBIT,0.08221036532137488,0.919027473087585,0.0,0.0,0.9531363277364651
40,STABLE_ORBIT,0.08440039042056569,0.919489355213686,0.0,0.0,0.9608806702145651
41,STABLE_ORBIT,0.11225220159410931,0.9199492845168462,0.0,0.0,0.9608009939906429
42,STABLE_ORBIT,0.08982675142630667,0.9204072149123961,0.0,0.0,0.9539333417531135
43,STABLE_ORBIT,0.10453063238435199,0.9208631005159554,0.0,0.0,0.9512526488168248
44,STABLE_ORBIT,0.11229725554983326,0.9213168956480314,0.0,0.0,0.9515434812448557
45,STABLE_ORBIT,0.10761001045097053,0.9217685548385952,0.0,0.0,0.946441685862763
46,STABLE_ORBIT,0.10299384465236933,0.922218032831638,0.0,0.0,0.9475529008019852
47,STABLE_ORBIT,0.10692793437751813,0.9226652845897059,0.0,0.0,0.9530989163926344
48,STABLE_ORBIT,0.10131416181604984,0.9231102652984126,0.0,0.0,0.9607510986222803
49,STABLE_ORBIT,0.1295442950848845,0.9235529303709299,0.0,0.0,0.9483714247440372
50,STABLE_ORBIT,0.10072543502138417,0.9239932354524547,0.0,0.0,0.9414046138936658
51,STABLE_ORBIT,0.10841454608552842,0.9244311364246541,0.0,0.0,0.9393003691276267
52,STABLE_ORBIT,0.09929898989606521,0.9248665894100856,0.0,0.0,0.9597355484203622
53,STABLE_ORBIT,0.10603140335964728,0.9252995507765933,0.0,0.0,0.9409016048686394
54,STABLE_ORBIT,0.10351333191814878,0.9257299771416807,0.0,0.0,0.9498153367714794
55,STABLE_ORBIT,0.10372870447354861,0.9261578253768568,0.0,0.0,0.9468408076713756
56,STABLE_ORBIT,0.09910271682196115,0.9265830526119577,0.0,0.0,0.9621291383668527
57,STABLE_ORBIT,0.11389851874710803,0.9270056162394427,0.0,0.0,0.9433329384640806
58,STABLE_ORBIT,0.09376234877878747,0.9274254739186629,0.0,0.0,0.9435992983433852
59,STABLE_ORBIT,0.1201200508615553,0.9278425835801039,0.0,0.0,0.9507215940181634
60,STABLE_ORBIT,0.0984616746806745,0.9282569034296013,0.0,0.0,0.9471815935380022
61,STABLE_ORBIT,0.09539725284200562,0.9286683919525286,0.0,0.0,0.924794511050302
62,STABLE_ORBIT,0.09233046154133487,0.9290770079179562,0.0,0.0,0.9488601688357619
63,STABLE_ORBIT,0.08609361780935029,0.9294827103827836,0.0,0.0,0.942432916694054
64,STABLE_ORBIT,0.0957832516710839,0.9298854586958414,0.0,0.0,0.9370905056712638
65,STABLE_ORBIT,0.09241840290465246,0.9302852125019646,0.0,0.0,0.9545803022554458
66,STABLE_ORBIT,0.09566217945072017,0.9306819317460362,0.0,0.0,0.9571796318286365
67,STABLE_ORBIT,0.10747352004129407,0.9310755766770007,0.0,0.0,0.9390307505536665
68,STABLE_ORBIT,0.10275376959799067,0.9314661078518471,0.0,0.0,0.9594987461611144
69,STABLE_ORBIT,0.105933349678482,0.9318534861395612,0.0,0.0,0.9572023370661894
70,STABLE_ORBIT,0.09098483159321911,0.9322376727250462,0.0,0.0,0.9397854049182607
71,STABLE_ORBIT,0.10166474839452877,0.9326186291130123,0.0,0.0,0.9571192938398684
72,STABLE_ORBIT,0.10785564987473355,0.9329963171318337,0.0,0.0,0.9509676822608579
73,STABLE_ORBIT,0.10071562789629436,0.9333706989373736,0.0,0.0,0.9416402150614831
74,STABLE_ORBIT,0.09095936166068277,0.9337417370167757,0.0,0.0,0.9507131431892085
75,STABLE_ORBIT,0.09193129637117854,0.9341093941922233,0.0,0.0,0.976454893207212
76,STABLE_ORBIT,0.0991638579009936,0.9344736336246648,0.0,0.0,0.9582028885047401
77,STABLE_ORBIT,0.09648112915271644,0.9348344188175044,0.0,0.0,0.9517150853387581
78,STABLE_ORBIT,0.09107928823495279,0.9351917136202592,0.0,0.0,0.9581527071901821
79,STABLE_ORBIT,0.09304871384111331,0.9355454822321816,0.0,0.0,0.9573845330753881
80,STABLE_ORBIT,0.10814853239848998,0.9358956892058463,0.0,0.0,0.939351583886435
81,STABLE_ORBIT,0.09660471799538886,0.9362422994507025,0.0,0.0,0.9296440742992458
82,STABLE_ORBIT,0.09934822011492109,0.9365852782365893,0.0,0.0,0.9624095008364073
83,STABLE_ORBIT,0.10114111770958079,0.9369245911972166,0.0,0.0,0.9587429600770762
84,STABLE_ORBIT,0.11432399259916409,0.9372602043336076,0.0,0.0,0.9434018247315518
85,STABLE_ORBIT,0.10365041963560828,0.9375920840175058,0.0,0.0,0.9360898964523819
86,STABLE_ORBIT,0.09233428439411152,0.937920196994745,0.0,0.0,0.967033947934249
87,STABLE_ORBIT,0.11254350504377938,0.938244510388581,0.0,0.0,0.9547108793156285
88,STABLE_ORBIT,0.10462214411265527,0.9385649917029855,0.0,0.0,0.9581752097848718
89,STABLE_ORBIT,0.1012425924478768,0.9388816088259027,0.0,0.0,0.9580680312902088
90,STABLE_ORBIT,0.09859844075945902,0.9391943300324666,0.0,0.0,0.9415814993551761
91,STABLE_ORBIT,0.11097551320458146,0.9395031239881799,0.0,0.0,0.9583192794809167
92,STABLE_ORBIT,0.11925398382128127,0.9398079597520542,0.0,0.0,0.9636601661724625
93,STABLE_ORBIT,0.10491953470949554,0.9401088067797092,0.0,0.0,0.9606298907804742
94,STABLE_ORBIT,0.10207907041140857,0.940405634926434,0.0,0.0,0.9515990279418647
95,STABLE_ORBIT,0.09383812197867407,0.9406984144502076,0.0,0.0,0.9600661529911955
96,STABLE_ORBIT,0.09781388926997586,0.9409871160146788,0.0,0.0,0.9485200413575069
97,STABLE_ORBIT,0.10739525920334697,0.9412717106921055,0.0,0.0,0.9513370990746698
98,STABLE_ORBIT,0.10362962907880163,0.9415521699662537,0.0,0.0,0.9488506340848297
99,STABLE_ORBIT,0.09612612207296593,0.9418284657352545,0.0,0.0,0.9446083519663191
100,STABLE_ORBIT,0.10613085311823894,0.9421005703144201,0.0,0.0,0.9494807236306698
101,STABLE_ORBIT,0.08733708273361258,0.9423684564390175,0.0,0.0,0.954634359919456
102,STABLE_ORBIT,0.096146947738462,0.9426320972670007,0.0,0.0,0.947215314740636
103,STABLE_ORBIT,0.09723246424703402,0.9428914663817002,0.0,0.0,0.9466090414569346
104,STABLE_ORBIT,0.08684831000282324,0.9431465377944697,0.0,0.0,0.9436261736126126
105,STABLE_ORBIT,0.11380562782947626,0.9433972859472904,0.0,0.0,0.9512048302588871
106,STABLE_ORBIT,0.11473573419700116,0.943643685715332,0.0,0.0,0.9410065988312967
107,STABLE_ORBIT,0.1077275791842111,0.9438857124094697,0.0,0.0,0.9407477389984295
108,STABLE_ORBIT,0.09349917353083231,0.9441233417787588,0.0,0.0,0.9531015231481247
109,STABLE_ORBIT,0.1056631488118793,0.9443565500128637,0.0,0.0,0.9403385382980515
110,STABLE_ORBIT,0.10563307354038581,0.9445853137444444,0.0,0.0,0.9380889716511726
111,STABLE_ORBIT,0.11345903318301674,0.9448096100514979,0.0,0.0,0.9542465827469816
112,STABLE_ORBIT,0.11154499393121335,0.9450294164596542,0.0,0.0,0.9621924162003187
113,STABLE_ORBIT,0.10147364248250217,0.9452447109444293,0.0,0.0,0.9580756967855661
114,STABLE_ORBIT,0.09864680737334877,0.9454554719334313,0.0,0.0,0.9696823615422238
115,STABLE_ORBIT,0.10885087687612104,0.945661678308522,0.0,0.0,0.9524595178107024
116,STABLE_ORBIT,0.11310516473187869,0.9458633094079333,0.0,0.0,0.947365439071509
117,STABLE_ORBIT,0.09524685304397708,0.946060345028337,0.0,0.0,0.9523037927037954
118,STABLE_ORBIT,0.10903622499145715,0.9462527654268698,0.0,0.0,0.9489850672742057
119,STABLE_ORBIT,0.09381423146916716,0.9464405513231109,0.0,0.0,0.9491639872216459
120,STABLE_ORBIT,0.08845278359151372,0.9466236839010141,0.0,0.0,0.9246122506383035
121,STABLE_ORBIT,0.11001412921916467,0.9468021448107935,0.0,0.0,0.951847460337402
122,STABLE_ORBIT,0.10594547272588425,0.9469759161707614,0.0,0.0,0.9480295407984475
123,STABLE_ORBIT,0.1074449287974704,0.947144980569121,0.0,0.0,0.9429335439540248
124,STABLE_ORBIT,0.0996398762191434,0.94730932106571,0.0,0.0,0.9444849750219967
125,STABLE_ORBIT,0.07906351448608225,0.9474689211936989,0.0,0.0,0.9381211110195332
126,STABLE_ORBIT,0.11750773296634295,0.9476237649612403,0.0,0.0,0.942059037904794
127,STABLE_ORBIT,0.10685258093639384,0.9477738368530719,0.0,0.0,0.9442058349664221
128,STABLE_ORBIT,0.1026305295415248,0.9479191218320707,0.0,0.0,0.9337586333812792
129,STABLE_ORBIT,0.1143273187799757,0.9480596053407595,0.0,0.0,0.9444098908775515
130,STABLE_ORBIT,0.0938798476629831,0.9481952733027662,0.0,0.0,0.9412040842637265
131,STABLE_ORBIT,0.09285068736696983,0.9483261121242338,0.0,0.0,0.927015368943677
132,STABLE_ORBIT,0.10686976099219457,0.9484521086951824,0.0,0.0,0.9414317159922508
133,STABLE_ORBIT,0.09222394586492152,0.9485732503908232,0.0,0.0,0.9530306103925498
134,STABLE_ORBIT,0.1130424973214271,0.9486895250728233,0.0,0.0,0.9397877905941063
135,STABLE_ORBIT,0.10328472767199241,0.948800921090522,0.0,0.0,0.9591411987953058
136,STABLE_ORBIT,0.10293332790692343,0.948907427282098,0.0,0.0,0.9490587053660497
137,STABLE_ORBIT,0.09865922936977727,0.949009032975688,0.0,0.0,0.9323950809983255
138,STABLE_ORBIT,0.09662169982406466,0.9491057279904559,0.0,0.0,0.9561088555789619
139,STABLE_ORBIT,0.0923400877945293,0.9491975026376132,0.0,0.0,0.9670222819506805
140,STABLE_ORBIT,0.08195895867013908,0.9492843477213895,0.0,0.0,0.9649519406008947
141,STABLE_ORBIT,0.08784581667207526,0.9493662545399538,0.0,0.0,0.9453670933548004
142,STABLE_ORBIT,0.10127719480319963,0.949443214886287,0.0,0.0,0.9528111541166322
143,STABLE_ORBIT,0.10004865547368581,0.9495152210490035,0.0,0.0,0.9513200818304886
144,STABLE_ORBIT,0.11068655815676347,0.9495822658131247,0.0,0.0,0.9508066382081782
145,STABLE_ORBIT,0.09463890716689444,0.9496443424608009,0.0,0.0,0.9577177232748789
146,STABLE_ORBIT,0.10906932110361743,0.9497014447719854,0.0,0.0,0.942372441778602
147,STABLE_ORBIT,0.09115174203050289,0.9497535670250571,0.0,0.0,0.9426749621485586
148,STABLE_ORBIT,0.09242377196128011,0.9498007039973944,0.0,0.0,0.9477908456443653
149,STABLE_ORBIT,0.10003426867700684,0.9498428509658979,0.0,0.0,0.9540492585329932
150,STABLE_ORBIT,0.10467749607931434,0.949880003707464,0.0,0.0,0.9594605795408117
151,STABLE_ORBIT,0.09928721893330682,0.9499121584994077,0.0,0.0,0.9567813350503145
152,STABLE_ORBIT,0.09372626780558439,0.9499393121198363,0.0,0.0,0.9536773643576737
153,STABLE_ORBIT,0.1013850322543432,0.9499614618479715,0.0,0.0,0.9573015180717362
154,STABLE_ORBIT,0.10022131914030835,0.9499786054644225,0.0,0.0,0.9466308590518621
155,STABLE_ORBIT,0.09804063902229444,0.949990741251408,0.0,0.0,0.9476681351305014
156,STABLE_ORBIT,0.09349214473376964,0.9499978679929288,0.0,0.0,0.9506290026190275
157,STABLE_ORBIT,0.11371701182134751,0.9499999849748892,0.0,0.0,0.9453108047414853
158,STABLE_ORBIT,0.11050468049586609,0.9499970919851686,0.0,0.0,0.9716905068567122
159,STABLE_ORBIT,0.11333858721634477,0.9499891893136432,0.0,0.0,0.9486094211629539
160,STABLE_ORBIT,0.10255456847527847,0.9499762777521563,0.0,0.0,0.9450247755470508
161,STABLE_ORBIT,0.10957988472834251,0.9499583585944394,0.0,0.0,0.9634973313044716
162,STABLE_ORBIT,0.09622672104105377,0.9499354336359828,0.0,0.0,0.9454465659057841
163,STABLE_ORBIT,0.09200997758409894,0.9499075051738547,0.0,0.0,0.9452869674254513
164,STABLE_ORBIT,0.10460892226896563,0.9498745760064722,0.0,0.0,0.9650655349910864
165,STABLE_ORBIT,0.09010190325774857,0.9498366494333202,0.0,0.0,0.9420720563145449
166,STABLE_ORBIT,0.09044199492474335,0.9497937292546209,0.0,0.0,0.9536279883675691
167,STABLE_ORBIT,0.10258921896874695,0.9497458197709534,0.0,0.0,0.9520328050710852
168,STABLE_ORBIT,0.114219519709171,0.9496929257828219,0.0,0.0,0.9368427488149063
169,STABLE_ORBIT,0.10233491769079758,0.9496350525901761,0.0,0.0,0.9343063004884156
170,STABLE_ORBIT,0.0921328979382309,0.9495722059918785,0.0,0.0,0.9325356402605355
171,STABLE_ORBIT,0.10537642379812737,0.9495043922851247,0.0,0.0,0.9476413855978746
172,STABLE_ORBIT,0.10700659200554616,0.9494316182648118,0.0,0.0,0.9453402627642364
173,STABLE_ORBIT,0.11200114432238584,0.9493538912228575,0.0,0.0,0.9435251677122212
174,STABLE_ORBIT,0.10240825484512826,0.9492712189474698,0.0,0.0,0.9399293062632769
175,STABLE_ORBIT,0.12844405537839107,0.9491836097223663,0.0,0.0,0.9555292679030599
176,STABLE_ORBIT,0.09751528009158104,0.9490910723259444,0.0,0.0,0.9518873659349236
177,STABLE_ORBIT,0.11155386237868282,0.9489936160304016,0.0,0.0,0.9481759560629942
178,STABLE_ORBIT,0.10315107712187026,0.9488912506008064,0.0,0.0,0.9399762734262875
179,STABLE_ORBIT,0.10223926319315012,0.94878398629412,0.0,0.0,0.9380814494697761
180,STABLE_ORBIT,0.09487930910450999,0.9486718338581684,0.0,0.0,0.9291885821694119
181,STABLE_ORBIT,0.09905816795758145,0.9485548045305656,0.0,0.0,0.9469846514361209
182,STABLE_ORBIT,0.0956907416642015,0.9484329100375873,0.0,0.0,0.95741884720142
183,STABLE_ORBIT,0.10560969963167374,0.9483061625929966,0.0,0.0,0.9484717064477928
184,STABLE_ORBIT,0.10450729931132337,0.9481745748968192,0.0,0.0,0.9609485376826403
185,STABLE_ORBIT,0.11192571118061305,0.9480381601340718,0.0,0.0,0.9622901937701965
186,STABLE_ORBIT,0.10170357844333182,0.9478969319734405,0.0,0.0,0.9388396680363815
187,STABLE_ORBIT,0.09742583706907974,0.9477509045659113,0.0,0.0,0.9453226277168124
188,STABLE_ORBIT,0.09963438067329655,0.947600092543352,0.0,0.0,0.9426531853109289
189,STABLE_ORBIT,0.11084352779187574,0.9474445110170464,0.0,0.0,0.9432536901262554
190,STABLE_ORBIT,0.11110658299345352,0.94728417557618,0.0,0.0,0.9707747581160338
191,STABLE_ORBIT,0.10235612701082482,0.9471191022862782,0.0,0.0,0.964163365318031
192,STABLE_ORBIT,0.10237808490734321,0.9469493076875958,0.0,0.0,0.92868917379992
193,STABLE_ORBIT,0.09340680606026577,0.9467748087934607,0.0,0.0,0.9359423065482617
194,STABLE_ORBIT,0.10400001967746834,0.9465956230885686,0.0,0.0,0.9562256650991984
195,STABLE_ORBIT,0.09579606237510396,0.9464117685272309,0.0,0.0,0.9580383234668276
196,STABLE_ORBIT,0.07748634591561984,0.946223263531576,0.0,0.0,0.9454031031477533
197,STABLE_ORBIT,0.09247081801318631,0.9460301269897036,0.0,0.0,0.9283828243282813
198,STABLE_ORBIT,0.09767174547092723,0.9458323782537914,0.0,0.0,0.964139293580723
199,STABLE_ORBIT,0.12393907592183415,0.9456300371381567,0.0,0.0,0.9433367526371327
200,STABLE_ORBIT,0.08499296553985385,0.945423123917271,0.0,0.0,0.9630989113528969
201,STABLE_ORBIT,0.10061328768815193,0.9452116593237279,0.0,0.0,0.9502507446773221
202,STABLE_ORBIT,0.11056063811053962,0.9449956645461663,0.0,0.0,0.936700870398959
203,STABLE_ORBIT,0.0971903979389483,0.9447751612271471,0.0,0.0,0.9456257112467082
204,STABLE_ORBIT,0.0912875489124622,0.9445501714609845,0.0,0.0,0.937410213458001
205,STABLE_ORBIT,0.11214734076276361,0.9443207177915326,0.0,0.0,0.9475060705101676
206,STABLE_ORBIT,0.1045632325736308,0.9440868232099259,0.0,0.0,0.9551372170225634
207,STABLE_ORBIT,0.11446259561890187,0.9438485111522761,0.0,0.0,0.9575684198279107
208,STABLE_ORBIT,0.10425042624047552,0.9436058054973234,0.0,0.0,0.9557758301718533
209,STABLE_ORBIT,0.10337727615156389,0.9433587305640446,0.0,0.0,0.9466199897608834
210,STABLE_ORBIT,0.1004182803463522,0.9431073111092153,0.0,0.0,0.9427733955964545
211,STABLE_ORBIT,0.10819278943868792,0.9428515723249301,0.0,0.0,0.9570109800489898
212,STABLE_ORBIT,0.10191559833170202,0.942591539836078,0.0,0.0,0.950250405663699
213,STABLE_ORBIT,0.09975469197786438,0.9423272396977751,0.0,0.0,0.9643672048523427
214,STABLE_ORBIT,0.09651173429498214,0.9420586983927532,0.0,0.0,0.938344176893245
215,STABLE_ORBIT,0.09097033410259327,0.9417859428287073,0.0,0.0,0.9529533652429675
216,STABLE_ORBIT,0.09302609660399411,0.9415090003355986,0.0,0.0,0.9508565453272865
217,STABLE_ORBIT,0.07325974229337637,0.9412278986629163,0.0,0.0,0.9449907642114116
218,STABLE_ORBIT,0.10757020250771682,0.9409426659768975,0.0,0.0,0.9489773539646805
219,STABLE_ORBIT,0.09952028734814343,0.9406533308577041,0.0,0.0,0.9642937098192946
220,STABLE_ORBIT,0.09266889111653594,0.94035992229656,0.0,0.0,0.9465934216254341
221,STABLE_ORBIT,0.09325356998106861,0.9400624696928457,0.0,0.0,0.9548254569781873
222,STABLE_ORBIT,0.11317478466083249,0.9397610028511525,0.0,0.0,0.9561102267594213
223,STABLE_ORBIT,0.09811496352921227,0.9394555519782963,0.0,0.0,0.9491141966541944
224,STABLE_ORBIT,0.09133561741032072,0.9391461476802908,0.0,0.0,0.9495621239496537
225,STABLE_ORBIT,0.11180537264133623,0.9388328209592807,0.0,0.0,0.956729437220435
226,STABLE_ORBIT,0.10680131569014084,0.9385156032104355,0.0,0.0,0.9427858460990411
227,STABLE_ORBIT,0.09924424508634525,0.9381945262188034,0.0,0.0,0.9527216367641114
228,STABLE_ORBIT,0.09978549968922959,0.9378696221561267,0.0,0.0,0.9556369268988562
229,STABLE_ORBIT,0.0968715177476826,0.9375409235776185,0.0,0.0,0.962308962584107
230,STABLE_ORBIT,0.10188158362186409,0.9372084634186999,0.0,0.0,0.9381541384252827
231,STABLE_ORBIT,0.11506139074653397,0.9368722749917007,0.0,0.0,0.9376413188615587
232,STABLE_ORBIT,0.09698342504571165,0.9365323919825207,0.0,0.0,0.9473301125224108
233,STABLE_ORBIT,0.08636517020040066,0.9361888484472555,0.0,0.0,0.9405881737623029
234,STABLE_ORBIT,0.08011432460515786,0.9358416788087829,0.0,0.0,0.9421111039158252
235,STABLE_ORBIT,0.08298711967020687,0.9354909178533145,0.0,0.0,0.9553965267404537
236,STABLE_ORBIT,0.11136502207768245,0.93513660072691,0.0,0.0,0.924933546940917
237,STABLE_ORBIT,0.08926902472659265,0.9347787629319554,0.0,0.0,0.9483835318277126
238,STABLE_ORBIT,0.10100435740986749,0.9344174403236059,0.0,0.0,0.9541075818372148
239,STABLE_ORBIT,0.09253437068582204,0.9340526691061931,0.0,0.0,0.9231071693157287
240,STABLE_ORBIT,0.1004757372031232,0.9336844858295973,0.0,0.0,0.968388514546578
241,STABLE_ORBIT,0.09912913392395424,0.9333129273855855,0.0,0.0,0.929967266320375
242,STABLE_ORBIT,0.08691994171128081,0.9329380310041143,0.0,0.0,0.9564679140233628
243,STABLE_ORBIT,0.09827762654723261,0.9325598342496003,0.0,0.0,0.9490033549887282
244,STABLE_ORBIT,0.08569077346475899,0.9321783750171555,0.0,0.0,0.9541155291304126
245,STABLE_ORBIT,0.08142341977209061,0.9317936915287902,0.0,0.0,0.9486011486563382
246,STABLE_ORBIT,0.08682793602582342,0.9314058223295838,0.0,0.0,0.9446633568519858
247,STABLE_ORBIT,0.08491169614639256,0.931014806283822,0.0,0.0,0.9454163716242778
248,STABLE_ORBIT,0.10071739151369442,0.9306206825711031,0.0,0.0,0.9755176419071631
249,STABLE_ORBIT,0.09842442379459125,0.9302234906824114,0.0,0.0,0.963753555674173
250,STABLE_ORBIT,0.10526764261482686,0.9298232704161614,0.0,0.0,0.9291340114332565
251,STABLE_ORBIT,0.09845570453172559,0.929420061874209,0.0,0.0,0.9322961746407099
252,STABLE_ORBIT,0.08746294412602908,0.929013905457834,0.0,0.0,0.9470182473396993
253,STABLE_ORBIT,0.11090102716091811,0.9286048418636915,0.0,0.0,0.9553870223654024
254,STABLE_ORBIT,0.11036148372770516,0.9281929120797342,0.0,0.0,0.9465775137549908
255,STABLE_ORBIT,0.09292165036226642,0.9277781573811056,0.0,0.0,0.954865712340705
256,STABLE_ORBIT,0.11680297511979759,0.927360619326004,0.0,0.0,0.9541042211118559
257,STABLE_ORBIT,0.10105757409004634,0.9269403397515187,0.0,0.0,0.9633809649792001
258,STABLE_ORBIT,0.09824703640762163,0.9265173607694377,0.0,0.0,0.9552884544890281
259,STABLE_ORBIT,0.11455678072389713,0.926091724762028,0.0,0.0,0.9539441695856411
260,STABLE_ORBIT,0.10464301849339354,0.9256634743777894,0.0,0.0,0.9297986441696202
261,STABLE_ORBIT,0.09615861743494457,0.9252326525271808,0.0,0.0,0.9500779147353339
262,STABLE_ORBIT,0.09836536241924745,0.9247993023783205,0.0,0.0,0.9588016100880805
263,STABLE_ORBIT,0.10079201578000657,0.9243634673526611,0.0,0.0,0.941478578958034
264,STABLE_ORBIT,0.10785198384606724,0.9239251911206383,0.0,0.0,0.9335809352059385
265,STABLE_ORBIT,0.09420471076040249,0.9234845175972958,0.0,0.0,0.9561543954065319
266,STABLE_ORBIT,0.10562312769401848,0.923041490937884,0.0,0.0,0.9400999792886848
267,STABLE_ORBIT,0.10538981476545844,0.9225961555334368,0.0,0.0,0.9665295164052102
268,STABLE_ORBIT,0.09574516122269378,0.9221485560063227,0.0,0.0,0.947606394033345
269,STABLE_ORBIT,0.09511645297298915,0.9216987372057744,0.0,0.0,0.9507235779919629
270,STABLE_ORBIT,0.08050539627839853,0.9212467442033947,0.0,0.0,0.9425594123430545
271,STABLE_ORBIT,0.10472234902488511,0.9207926222886397,0.0,0.0,0.9277375245371012
272,STABLE_ORBIT,0.10715188576552388,0.9203364169642819,0.0,0.0,0.9610777820038614
273,STABLE_ORBIT,0.10654268303115925,0.9198781739418501,0.0,0.0,0.9557744072767559
274,STABLE_ORBIT,0.09810927970709876,0.9194179391370495,0.0,0.0,0.9466205704549775
275,STABLE_ORBIT,0.09829146902528761,0.9189557586651607,0.0,0.0,0.9534393244552382
276,STABLE_ORBIT,0.09806920127570859,0.9184916788364189,0.0,0.0,0.936409095666444
277,STABLE_ORBIT,0.07165099167960853,0.9180257461513744,0.0,0.0,0.9478543208454159
278,STABLE_ORBIT,0.09251044891478853,0.9175580072962322,0.0,0.0,0.9486499862289612
279,STABLE_ORBIT,0.08985408627565597,0.9170885091381747,0.0,0.0,0.9536422090553556
280,STABLE_ORBIT,0.09112665303668643,0.9166172987206658,0.0,0.0,0.9402689134730159
281,STABLE_ORBIT,0.09849313161269119,0.9161444232587364,0.0,0.0,0.9540906381165486
282,STABLE_ORBIT,0.09122314766989428,0.9156699301342542,0.0,0.0,0.9315429289441358
283,STABLE_ORBIT,0.08424132910813714,0.915193866891176,0.0,0.0,0.9529566661318529
284,STABLE_ORBIT,0.1085961745725455,0.9147162812307833,0.0,0.0,0.9607476508844235
285,STABLE_ORBIT,0.1087425664236763,0.9142372210069032,0.0,0.0,0.9535634415350953
286,STABLE_ORBIT,0.10472554870174292,0.9137567342211133,0.0,0.0,0.9280375810702256
287,STABLE_ORBIT,0.09322648830502267,0.9132748690179316,0.0,0.0,0.9488809016319246
288,STABLE_ORBIT,0.0873515095892202,0.9127916736799934,0.0,0.0,0.9534423693900816
289,STABLE_ORBIT,0.11215819178506627,0.9123071966232122,0.0,0.0,0.9538174393771708
290,STABLE_ORBIT,0.10691619098604052,0.9118214863919294,0.0,0.0,0.9518583601445432
291,STABLE_ORBIT,0.11073585606334874,0.9113345916540496,0.0,0.0,0.9406810890572264
292,STABLE_ORBIT,0.11300636164092617,0.9108465611961646,0.0,0.0,0.9518752194473854
293,STABLE_ORBIT,0.08461868677753662,0.9103574439186644,0.0,0.0,0.9524747475553642
294,STABLE_ORBIT,0.09866520613769647,0.9098672888308379,0.0,0.0,0.9563358699167437
295,STABLE_ORBIT,0.10063372726850948,0.9093761450459621,0.0,0.0,0.9496931906049506
296,STABLE_ORBIT,0.09554765920607779,0.9088840617763809,0.0,0.0,0.9379300393790694
297,STABLE_ORBIT,0.08827970315591169,0.908391088328574,0.0,0.0,0.9511762414210782
298,STABLE_ORBIT,0.09008265783563506,0.9078972740982164,0.0,0.0,0.9390770895827806
299,STABLE_ORBIT,0.09937509672757633,0.9074026685652293,0.0,0.0,0.9437440664459167
300,STABLE_ORBIT,0.10735316494953392,0.9069073212888218,0.0,0.0,0.9454632807588723
301,STABLE_ORBIT,0.0987236081669999,0.9064112819025254,0.0,0.0,0.9527727482921587
302,STABLE_ORBIT,0.09368847693849215,0.9059146001092205,0.0,0.0,0.9396296391549118
303,STABLE_ORBIT,0.11301913050117313,0.9054173256761565,0.0,0.0,0.9622977640635318
304,STABLE_ORBIT,0.09394982961303928,0.9049195084299649,0.0,0.0,0.967047289126706
305,STABLE_ORBIT,0.09805860742602852,0.9044211982516668,0.0,0.0,0.9433772356257356
306,STABLE_ORBIT,0.07880397286235127,0.9039224450716749,0.0,0.0,0.9525642864418052
307,STABLE_ORBIT,0.11965857946614879,0.9034232988647902,0.0,0.0,0.9420077608056014
308,STABLE_ORBIT,0.11023664819537712,0.9029238096451953,0.0,0.0,0.940895373277931
309,STABLE_ORBIT,0.11343627285202393,0.9024240274614417,0.0,0.0,0.9585701883003571
310,STABLE_ORBIT,0.09062268701347234,0.9019240023914364,0.0,0.0,0.9498762658371293
311,STABLE_ORBIT,0.10134810181213896,0.9014237845374233,0.0,0.0,0.9513319670015593
312,STABLE_ORBIT,0.08379710293921619,0.9009234240209631,0.0,0.0,0.9695386924118922
313,STABLE_ORBIT,0.08984590881440377,0.9004229709779112,0.0,0.0,0.9727262813720026
314,STABLE_ORBIT,0.10028810215417844,0.8999224755533942,0.0,0.0,0.9389691372185519
315,STABLE_ORBIT,0.11574945617936214,0.8994219878967852,0.0,0.0,0.9472525392448786
316,STABLE_ORBIT,0.09205800191388987,0.8989215581566788,0.0,0.0,0.9465977745669426
317,STABLE_ORBIT,0.10211223685326219,0.8984212364758669,0.0,0.0,0.9560462173691864
318,STABLE_ORBIT,0.10354285451129344,0.8979210729863135,0.0,0.0,0.9657253405695337
319,STABLE_ORBIT,0.10491855595454533,0.8974211178041319,0.0,0.0,0.9494792078855367
320,STABLE_ORBIT,0.10808291772435356,0.8969214210245634,0.0,0.0,0.941047462413829
321,STABLE_ORBIT,0.08283829446062471,0.8964220327169572,0.0,0.0,0.9576036368602043
322,STABLE_ORBIT,0.10370763829076038,0.8959230029197541,0.0,0.0,0.9500279127169755
323,STABLE_ORBIT,0.11288386979182072,0.895424381635472,0.0,0.0,0.9558361367189384
324,STABLE_ORBIT,0.10763627638899546,0.8949262188256963,0.0,0.0,0.9506520781341296
325,STABLE_ORBIT,0.10171029543605349,0.8944285644060733,0.0,0.0,0.9611269991818282
326,STABLE_ORBIT,0.10825970670907296,0.8939314682413091,0.0,0.0,0.9513548348594578
327,STABLE_ORBIT,0.09309438320181634,0.8934349801401726,0.0,0.0,0.9533376140362861
328,STABLE_ORBIT,0.1007820718710932,0.8929391498505055,0.0,0.0,0.9517961969300125
329,STABLE_ORBIT,0.10855525676040337,0.8924440270542369,0.0,0.0,0.9438212011307978
330,STABLE_ORBIT,0.09708614306674096,0.8919496613624053,0.0,0.0,0.9355242082502129
331,STABLE_ORBIT,0.10423242352324624,0.891456102310188,0.0,0.0,0.9495616022070724
332,STABLE_ORBIT,0.09607016677874455,0.8909633993519375,0.0,0.0,0.940326155093823
333,STABLE_ORBIT,0.0886551776319012,0.8904716018562258,0.0,0.0,0.9524805049061884
334,STABLE_ORBIT,0.1158052010535337,0.8899807591008982,0.0,0.0,0.9554648445419666
335,STABLE_ORBIT,0.10849892125593513,0.8894909202681358,0.0,0.0,0.9449580886635678
336,STABLE_ORBIT,0.09375320182675548,0.8890021344395267,0.0,0.0,0.9577795693125997
337,STABLE_ORBIT,0.09410412330445218,0.888514450591149,0.0,0.0,0.9420902883302387
338,STABLE_ORBIT,0.09504568046955611,0.8880279175886626,0.0,0.0,0.9520325692653382
339,STABLE_ORBIT,0.0994142397226109,0.8875425841824136,0.0,0.0,0.9438174377892662
340,STABLE_ORBIT,0.10521858474299711,0.887058499002549,0.0,0.0,0.9398031396513692
341,STABLE_ORBIT,0.10600026895326407,0.8865757105541441,0.0,0.0,0.9616266731556932
342,STABLE_ORBIT,0.08985856184659027,0.8860942672123426,0.0,0.0,0.944294481179071
343,STABLE_ORBIT,0.09943586395149964,0.8856142172175092,0.0,0.0,0.9552583239221736
344,STABLE_ORBIT,0.09094528487737065,0.885135608670396,0.0,0.0,0.9756339921233089
345,STABLE_ORBIT,0.0994796136208157,0.8846584895273226,0.0,0.0,0.9409915971518594
346,STABLE_ORBIT,0.09212081650362076,0.8841829075953713,0.0,0.0,0.9438642679394427
347,STABLE_ORBIT,0.0895312199883115,0.8837089105275968,0.0,0.0,0.9411681281895456
348,STABLE_ORBIT,0.0953701543920274,0.8832365458182508,0.0,0.0,0.9646178733342348
349,STABLE_ORBIT,0.09377158344699271,0.8827658607980242,0.0,0.0,0.9500620692896388
350,STABLE_ORBIT,0.10666170438094734,0.8822969026293035,0.0,0.0,0.9457489462225094
351,STABLE_ORBIT,0.09964022544802845,0.8818297183014455,0.0,0.0,0.9471618839692848
352,STABLE_ORBIT,0.1016222881552655,0.8813643546260697,0.0,0.0,0.9704619025126253
353,STABLE_ORBIT,0.08655243245150963,0.8809008582323664,0.0,0.0,0.9438822739627566
354,STABLE_ORBIT,0.10123175518993664,0.880439275562426,0.0,0.0,0.965063603138693
355,STABLE_ORBIT,0.09277212731437667,0.8799796528665843,0.0,0.0,0.9555580601814169
356,STABLE_ORBIT,0.0740664656070328,0.8795220361987891,0.0,0.0,0.9563687492731777
357,STABLE_ORBIT,0.08563636334484374,0.8790664714119849,0.0,0.0,0.9340020892045758
358,STABLE_ORBIT,0.11851226476463342,0.8786130041535193,0.0,0.0,0.9435671351301097
359,STABLE_ORBIT,0.07982028179401227,0.8781616798605683,0.0,0.0,0.9672775005529048
360,STABLE_ORBIT,0.09775039101249931,0.8777125437555838,0.0,0.0,0.9521349996661197
361,STABLE_ORBIT,0.09317644849091526,0.8772656408417631,0.0,0.0,0.9439331428510781
362,STABLE_ORBIT,0.08708213346390942,0.8768210158985381,0.0,0.0,0.9513791418685352
363,STABLE_ORBIT,0.09908535036671029,0.8763787134770898,0.0,0.0,0.943943704197058
364,STABLE_ORBIT,0.11379037920099297,0.8759387778958838,0.0,0.0,0.9574605671898192
365,STABLE_ORBIT,0.09938967633444612,0.8755012532362292,0.0,0.0,0.967364536366909
366,STABLE_ORBIT,0.10091953575942943,0.8750661833378623,0.0,0.0,0.9416642148729545
367,STABLE_ORBIT,0.07670580734614336,0.8746336117945538,0.0,0.0,0.933421722002291
368,STABLE_ORBIT,0.09006585518138988,0.8742035819497401,0.0,0.0,0.9382329759232854
369,STABLE_ORBIT,0.09339039882777155,0.8737761368921813,0.0,0.0,0.9473956260802795
370,STABLE_ORBIT,0.1052924342766852,0.8733513194516426,0.0,0.0,0.946624582366357
371,STABLE_ORBIT,0.08348963490624588,0.872929172194604,0.0,0.0,0.9582275373804718
372,STABLE_ORBIT,0.09119097916248835,0.872509737419994,0.0,0.0,0.9365501022199838
373,STABLE_ORBIT,0.0927301389217472,0.8720930571549526,0.0,0.0,0.9446697209250308
374,STABLE_ORBIT,0.1154331561473914,0.8716791731506183,0.0,0.0,0.9643976914561558
375,STABLE_ORBIT,0.08987366115426901,0.8712681268779467,0.0,0.0,0.9256547590896438
376,STABLE_ORBIT,0.10064848526839064,0.8708599595235539,0.0,0.0,0.9329671085354724
377,STABLE_ORBIT,0.10212098180325282,0.8704547119855899,0.0,0.0,0.9511101368625742
378,STABLE_ORBIT,0.07911399297790422,0.8700524248696405,0.0,0.0,0.94036285172169
379,STABLE_ORBIT,0.10941658766147161,0.8696531384846592,0.0,0.0,0.9550549668458902
380,STABLE_ORBIT,0.11116142733263637,0.8692568928389276,0.0,0.0,0.9592305955544227
381,STABLE_ORBIT,0.08420704065703224,0.8688637276360468,0.0,0.0,0.9464986694292505
382,STABLE_ORBIT,0.12490175043157163,0.8684736822709594,0.0,0.0,0.9543016615263371
383,STABLE_ORBIT,0.10592105014416028,0.8680867958260019,0.0,0.0,0.9550662422375342
384,STABLE_ORBIT,0.10403957212484881,0.8677031070669884,0.0,0.0,0.9515070241561885
385,STABLE_ORBIT,0.08193358965885647,0.8673226544393268,0.0,0.0,0.9243857591909824
386,STABLE_ORBIT,0.11980378971612358,0.8669454760641665,0.0,0.0,0.9546695476128327
387,STABLE_ORBIT,0.09613213842023971,0.8665716097345784,0.0,0.0,0.9656217619408046
388,STABLE_ORBIT,0.10126041621637064,0.8662010929117682,0.0,0.0,0.9617743073545718
389,STABLE_ORBIT,0.09680973819005877,0.8658339627213227,0.0,0.0,0.9571243557388733
390,STABLE_ORBIT,0.08105440231540342,0.8654702559494905,0.0,0.0,0.9515149932639815
391,STABLE_ORBIT,0.08782596178937911,0.8651100090394945,0.0,0.0,0.9502311297410238
392,STABLE_ORBIT,0.08816495013051463,0.8647532580878825,0.0,0.0,0.9474336878588182
393,STABLE_ORBIT,0.10180620226690991,0.8644000388409082,0.0,0.0,0.9634830889095022
394,STABLE_ORBIT,0.10342288738913843,0.8640503866909507,0.0,0.0,0.9439197512872967
395,STABLE_ORBIT,0.10845810598207044,0.8637043366729681,0.0,0.0,0.9421987337864751
396,STABLE_ORBIT,0.0998733649087583,0.8633619234609865,0.0,0.0,0.9503507366552086
397,STABLE_ORBIT,0.09945784033568524,0.8630231813646262,0.0,0.0,0.9524839667685373
398,STABLE_ORBIT,0.09589333426254938,0.8626881443256634,0.0,0.0,0.9406612649525403
399,STABLE_ORBIT,0.1048976328651139,0.86235684591463,0.0,0.0,0.94800949689778
400,STABLE_ORBIT,0.09839107777376392,0.862029319327449,0.0,0.0,0.9492659657302785
401,STABLE_ORBIT,0.09612756249829905,0.8617055973821087,0.0,0.0,0.9651474121903221
402,STABLE_ORBIT,0.08399897870370154,0.8613857125153745,0.0,0.0,0.944366845340441
403,STABLE_ORBIT,0.09238235947093244,0.8610696967795386,0.0,0.0,0.952001575276996
404,STABLE_ORBIT,0.08299479108408733,0.8607575818392081,0.0,0.0,0.9523552612913051
405,STABLE_ORBIT,0.10370954796458746,0.8604493989681328,0.0,0.0,0.9394043621553544
406,STABLE_ORBIT,0.10218473100277503,0.8601451790460709,0.0,0.0,0.9566507403830228
407,STABLE_ORBIT,0.0970017912007512,0.8598449525556957,0.0,0.0,0.9654049038240627
408,STABLE_ORBIT,0.09838069322970196,0.8595487495795403,0.0,0.0,0.9504224005656259
409,STABLE_ORBIT,0.07617323781168317,0.8592565997969842,0.0,0.0,0.9524277550222603
410,STABLE_ORBIT,0.08011870337905604,0.8589685324812789,0.0,0.0,0.9454845301628813
411,STABLE_ORBIT,0.08796449259831256,0.858684576496615,0.0,0.0,0.950987884329456
412,STABLE_ORBIT,0.09230548328175232,0.8584047602952298,0.0,0.0,0.9233959640329931
413,STABLE_ORBIT,0.08789669288669313,0.8581291119145568,0.0,0.0,0.965454564295509
414,STABLE_ORBIT,0.08538376533781931,0.8578576589744156,0.0,0.0,0.9385821244748714
415,STABLE_ORBIT,0.09733048365561005,0.8575904286742455,0.0,0.0,0.9601095306532846
416,STABLE_ORBIT,0.09833265756930835,0.8573274477903792,0.0,0.0,0.9535479202950228
417,STABLE_ORBIT,0.10679297132859811,0.8570687426733602,0.0,0.0,0.9500024250798281
418,STABLE_ORBIT,0.09618090628192982,0.8568143392453025,0.0,0.0,0.9652292493755359
419,STABLE_ORBIT,0.10061286681226451,0.8565642629972932,0.0,0.0,0.9421143773340854
420,STABLE_ORBIT,0.10198250860054808,0.8563185389868382,0.0,0.0,0.9675607757036491
421,STABLE_ORBIT,0.08844116338925254,0.8560771918353516,0.0,0.0,0.9449012555096418
422,STABLE_ORBIT,0.09559615725550608,0.8558402457256885,0.0,0.0,0.9703970180955773
423,STABLE_ORBIT,0.1022848820365089,0.8556077243997221,0.0,0.0,0.9394057615232951
424,STABLE_ORBIT,0.11393795582421831,0.8553796511559645,0.0,0.0,0.9449176355169221
425,STABLE_ORBIT,0.10597828223847527,0.8551560488472325,0.0,0.0,0.972404891503893
426,STABLE_ORBIT,0.09787685407491988,0.8549369398783574,0.0,0.0,0.9358190754826854
427,STABLE_ORBIT,0.09932302666077844,0.8547223462039404,0.0,0.0,0.937218804885398
428,STABLE_ORBIT,0.11599250083224083,0.8545122893261528,0.0,0.0,0.9490143638661434
429,STABLE_ORBIT,0.10132153585969769,0.8543067902925808,0.0,0.0,0.9530387461081155
430,STABLE_ORBIT,0.103920480471867,0.8541058696941175,0.0,0.0,0.950212483335081
431,STABLE_ORBIT,0.09369156328941977,0.8539095476628992,0.0,0.0,0.9333490513875166
432,STABLE_ORBIT,0.0774949185730437,0.853717843870288,0.0,0.0,0.9587142126359263
433,STABLE_ORBIT,0.08862540238616205,0.8535307775249013,0.0,0.0,0.9358540944394828
434,STABLE_ORBIT,0.10749022399604174,0.8533483673706864,0.0,0.0,0.9457557248618188
435,STABLE_ORBIT,0.10337138282273431,0.853170631685043,0.0,0.0,0.9472464532648665
436,STABLE_ORBIT,0.11381472892858054,0.8529975882769916,0.0,0.0,0.9616599478849437
437,STABLE_ORBIT,0.11458470410347286,0.8528292544853886,0.0,0.0,0.9602327238992174
438,STABLE_ORBIT,0.11100918407374868,0.85266564717719,0.0,0.0,0.9543910092542555
439,STABLE_ORBIT,0.12046896336333435,0.85250678274576,0.0,0.0,0.9502229772332857
440,STABLE_ORBIT,0.1020422072508559,0.8523526771092297,0.0,0.0,0.9520344193204286
441,STABLE_ORBIT,0.11088757922134045,0.8522033457089011,0.0,0.0,0.9508388212400183
442,STABLE_ORBIT,0.10148177365171962,0.8520588035077006,0.0,0.0,0.9454986878823036
443,STABLE_ORBIT,0.10313219508750782,0.851919064988679,0.0,0.0,0.9338520767234371
444,STABLE_ORBIT,0.09332506969101166,0.8517841441535611,0.0,0.0,0.946732712372857
445,STABLE_ORBIT,0.09367993315912927,0.8516540545213422,0.0,0.0,0.9366948028460071
446,STABLE_ORBIT,0.10070844209859003,0.8515288091269337,0.0,0.0,0.9482580478628722
447,STABLE_ORBIT,0.08698908791567764,0.8514084205198571,0.0,0.0,0.9366375347367679
448,STABLE_ORBIT,0.11153921117881883,0.8512929007629859,0.0,0.0,0.9431791943517001
449,STABLE_ORBIT,0.09652454192340329,0.8511822614313381,0.0,0.0,0.9414233541863357
450,STABLE_ORBIT,0.10337383535294255,0.8510765136109154,0.0,0.0,0.9600374609089588
451,STABLE_ORBIT,0.10642407207161965,0.8509756678975925,0.0,0.0,0.9510160315366397
452,STABLE_ORBIT,0.0947931794646726,0.8508797343960559,0.0,0.0,0.9439155220288488
453,STABLE_ORBIT,0.09660141662319227,0.850788722718791,0.0,0.0,0.9479868642933573
454,STABLE_ORBIT,0.10973224963005726,0.8507026419851191,0.0,0.0,0.9464917395011672
455,STABLE_ORBIT,0.09539812367847711,0.8506215008202835,0.0,0.0,0.9589837151743227
456,STABLE_ORBIT,0.09371751947046257,0.8505453073545854,0.0,0.0,0.9403820495415618
457,STABLE_ORBIT,0.09717615363946944,0.8504740692225693,0.0,0.0,0.948271454241873
458,STABLE_ORBIT,0.10312062881630729,0.8504077935622577,0.0,0.0,0.9303366958144069
459,STABLE_ORBIT,0.09210259618718324,0.8503464870144362,0.0,0.0,0.9397499413149488
460,STABLE_ORBIT,0.10638706051495453,0.8502901557219881,0.0,0.0,0.933508941189028
461,STABLE_ORBIT,0.12024210746990036,0.8502388053292786,0.0,0.0,0.9483474464589854
462,STABLE_ORBIT,0.08090779587953437,0.8501924409815897,0.0,0.0,0.9470577595643997
463,STABLE_ORBIT,0.08875386051663615,0.8501510673246041,0.0,0.0,0.9413079403350891
464,STABLE_ORBIT,0.08633675980016699,0.8501146885039399,0.0,0.0,0.9480790482056956
465,STABLE_ORBIT,0.11065287560893848,0.8500833081647357,0.0,0.0,0.9490622951295631
466,STABLE_ORBIT,0.11548504147174027,0.8500569294512843,0.0,0.0,0.9393387829247396
467,STABLE_ORBIT,0.08366121564218491,0.8500355550067188,0.0,0.0,0.9389428155309285
468,STABLE_ORBIT,0.10353323935482879,0.8500191869727471,0.0,0.0,0.9434547163705759
469,STABLE_ORBIT,0.10209261010679196,0.8500078269894376,0.0,0.0,0.9472134737497708
470,STABLE_ORBIT,0.0883718185488295,0.8500014761950543,0.0,0.0,0.9598989721458221
471,STABLE_ORBIT,0.10966094676219694,0.8500001352259434,0.0,0.0,0.9606720916271397
472,STABLE_ORBIT,0.0847123225735372,0.8500038042164694,0.0,0.0,0.9654537455896155
473,STABLE_ORBIT,0.08757202219128095,0.8500124827990013,0.0,0.0,0.9599501630889529
474,STABLE_ORBIT,0.08376875137969751,0.85002617010395,0.0,0.0,0.9290353389734354
475,STABLE_ORBIT,0.10005650015834924,0.8500448647598546,0.0,0.0,0.9466684483826414
476,STABLE_ORBIT,0.09769350667408307,0.8500685648935208,0.0,0.0,0.9492634498081038
477,STABLE_ORBIT,0.09334005438277627,0.8500972681302078,0.0,0.0,0.9235641316111214
478,STABLE_ORBIT,0.09999407064618342,0.8501309715938667,0.0,0.0,0.9558411028303713
479,STABLE_ORBIT,0.09230038580477619,0.8501696719074286,0.0,0.0,0.9517705033610695
480,STABLE_ORBIT,0.11304725518510295,0.8502133651931427,0.0,0.0,0.9565603964273253
481,STABLE_ORBIT,0.10342258287188275,0.8502620470729654,0.0,0.0,0.9556620415324024
482,STABLE_ORBIT,0.11306636712471237,0.8503157126689983,0.0,0.0,0.9431002659617008
483,STABLE_ORBIT,0.09738142816147012,0.8503743566039775,0.0,0.0,0.969529146474506
484,STABLE_ORBIT,0.09286126908488064,0.8504379730018121,0.0,0.0,0.9441467979187235
485,STABLE_ORBIT,0.108561818727593,0.8505065554881732,0.0,0.0,0.9482125485190133
486,STABLE_ORBIT,0.10465560456990924,0.8505800971911326,0.0,0.0,0.9411241182845761
487,STABLE_ORBIT,0.0919597200626722,0.8506585907418508,0.0,0.0,0.9444242059982136
488,STABLE_ORBIT,0.10888980985036262,0.8507420282753163,0.0,0.0,0.9403644289818275
489,STABLE_ORBIT,0.10474867417313827,0.850830401431133,0.0,0.0,0.9714730726230952
490,STABLE_ORBIT,0.09233321610957872,0.8509237013543579,0.0,0.0,0.9507797739298371
491,STABLE_ORBIT,0.09580760375319607,0.851021918696389,0.0,0.0,0.9536685403787255
492,STABLE_ORBIT,0.1041105787295569,0.8511250436159011,0.0,0.0,0.9419451844633989
493,STABLE_ORBIT,0.10451426028717638,0.8512330657798326,0.0,0.0,0.9626775850020858
494,STABLE_ORBIT,0.11026827769689718,0.8513459743644207,0.0,0.0,0.9399913971873746
495,STABLE_ORBIT,0.09162440311357654,0.8514637580562857,0.0,0.0,0.9598125526662574
496,STABLE_ORBIT,0.08912453042009397,0.8515864050535649,0.0,0.0,0.9390686173127045
497,STABLE_ORBIT,0.08583679123060543,0.8517139030670947,0.0,0.0,0.9414418740297521
498,STABLE_ORBIT,0.10023656289384131,0.8518462393216428,0.0,0.0,0.9500873854389601
499,STABLE_ORBIT,0.1000718153634026,0.8519834005571875,0.0,0.0,0.9588983320735076
500,STABLE_ORBIT,0.08071552447233044,0.8521253730302463,0.0,0.0,0.9488731593708004
501,STABLE_ORBIT,0.09312086644235354,0.8522721425152537,0.0,0.0,0.9444592918598299
502,STABLE_ORBIT,0.09292527741597396,0.852423694305986,0.0,0.0,0.953827111066725
503,STABLE_ORBIT,0.10234129250290246,0.8525800132170349,0.0,0.0,0.9506268462403898
504,STABLE_ORBIT,0.08908757125044071,0.8527410835853295,0.0,0.0,0.9367238251390811
505,STABLE_ORBIT,0.10815305202441265,0.8529068892717053,0.0,0.0,0.9552833796947128
506,STABLE_ORBIT,0.07958882150849693,0.8530774136625213,0.0,0.0,0.9663117895189535
507,STABLE_ORBIT,0.09021070057501138,0.8532526396713251,0.0,0.0,0.9530398618150822
508,STABLE_ORBIT,0.09625230425563859,0.8534325497405646,0.0,0.0,0.9489043326680026
509,STABLE_ORBIT,0.10539767057157982,0.8536171258433471,0.0,0.0,0.9576674688092005
510,STABLE_ORBIT,0.09524520254319008,0.8538063494852465,0.0,0.0,0.9891178126471142
511,STABLE_ORBIT,0.1238704499296152,0.854000201706155,0.0,0.0,0.9367279057276705
512,STABLE_ORBIT,0.10739168899870775,0.8541986630821842,0.0,0.0,0.9539781053755638
513,STABLE_ORBIT,0.0931801953443215,0.8544017137276105,0.0,0.0,0.9504138693827975
514,STABLE_ORBIT,0.08680355909238505,0.8546093332968683,0.0,0.0,0.964779843006352
515,STABLE_ORBIT,0.08941140007079179,0.854821500986588,0.0,0.0,0.958108651319297
516,STABLE_ORBIT,0.10898715437048745,0.855038195537681,0.0,0.0,0.9364346769850318
517,STABLE_ORBIT,0.11078572267644327,0.8552593952374693,0.0,0.0,0.9412428892933568
518,STABLE_ORBIT,0.10212784698771264,0.8554850779218617,0.0,0.0,0.9426978843405995
519,STABLE_ORBIT,0.10947185309809378,0.8557152209775741,0.0,0.0,0.9629315153684835
520,STABLE_ORBIT,0.09512803549244508,0.855949801344396,0.0,0.0,0.9604307212804322
521,STABLE_ORBIT,0.10105010153311257,0.8561887955175004,0.0,0.0,0.9508185260814329
522,STABLE_ORBIT,0.10612469684196622,0.8564321795497991,0.0,0.0,0.9460582391910403
523,STABLE_ORBIT,0.10143703013717922,0.8566799290543428,0.0,0.0,0.938953012863854
524,STABLE_ORBIT,0.09471680429308713,0.8569320192067639,0.0,0.0,0.9383083199160838
525,STABLE_ORBIT,0.08935406326419491,0.8571884247477642,0.0,0.0,0.947643384930919
526,STABLE_ORBIT,0.10664874893810374,0.8574491199856463,0.0,0.0,0.9510912977499449
527,STABLE_ORBIT,0.08650612344006696,0.8577140787988871,0.0,0.0,0.9218219088041675
528,STABLE_ORBIT,0.10220379001574717,0.8579832746387552,0.0,0.0,0.9542868006538427
529,STABLE_ORBIT,0.0877167913360878,0.8582566805319723,0.0,0.0,0.9451945653413296
530,STABLE_ORBIT,0.10432375208341849,0.8585342690834145,0.0,0.0,0.9352736890698655
531,STABLE_ORBIT,0.09494640884676947,0.8588160124788574,0.0,0.0,0.9496364584067698
532,STABLE_ORBIT,0.08592128089371567,0.8591018824877642,0.0,0.0,0.9499805858888355
533,STABLE_ORBIT,0.10606080895288303,0.8593918504661132,0.0,0.0,0.9485607703768072
534,STABLE_ORBIT,0.09869864213440431,0.8596858873592684,0.0,0.0,0.9488767621643001
535,STABLE_ORBIT,0.0933198529377204,0.859983963704891,0.0,0.0,0.9658600944498579
536,STABLE_ORBIT,0.09124826965759701,0.860286049635891,0.0,0.0,0.9520281351381549
537,STABLE_ORBIT,0.11005770155608263,0.8605921148834198,0.0,0.0,0.9383756662260929
538,STABLE_ORBIT,0.08902595376599624,0.860902128779904,0.0,0.0,0.9405592366774571
539,STABLE_ORBIT,0.09531255682671831,0.8612160602621175,0.0,0.0,0.9522438664678378
540,STABLE_ORBIT,0.11694215683539477,0.8615338778742939,0.0,0.0,0.9519144124923977
541,STABLE_ORBIT,0.11413310275206935,0.861855549771279,0.0,0.0,0.9323245521263304
542,STABLE_ORBIT,0.10066327129083262,0.8621810437217212,0.0,0.0,0.9692445588693528
543,STABLE_ORBIT,0.08893480829275249,0.8625103271113014,0.0,0.0,0.9375620985599664
544,STABLE_ORBIT,0.07868837612969176,0.8628433669460003,0.0,0.0,0.9486245174482455
545,STABLE_ORBIT,0.11370620839018657,0.8631801298554052,0.0,0.0,0.9373192976476266
546,STABLE_ORBIT,0.09960872127912974,0.863520582096053,0.0,0.0,0.9576896041691406
547,STABLE_ORBIT,0.10060026241956767,0.863864689554812,0.0,0.0,0.9490314617677201
548,STABLE_ORBIT,0.08666317272141831,0.8642124177522992,0.0,0.0,0.9487838734240137
549,STABLE_ORBIT,0.10575904020128228,0.8645637318463358,0.0,0.0,0.9529097523808027
550,STABLE_ORBIT,0.09101312444864647,0.8649185966354379,0.0,0.0,0.9495315831520873
551,STABLE_ORBIT,0.09726965979246922,0.865276976562344,0.0,0.0,0.9470025468365284
552,STABLE_ORBIT,0.0958762570168362,0.8656388357175776,0.0,0.0,0.9621097905143848
553,STABLE_ORBIT,0.10325382956430822,0.8660041378430453,0.0,0.0,0.9529045847220232
554,STABLE_ORBIT,0.08835707362721129,0.8663728463356701,0.0,0.0,0.9466661820800621
555,STABLE_ORBIT,0.0937450678465194,0.8667449242510589,0.0,0.0,0.9471846112353012
556,STABLE_ORBIT,0.09820220401556044,0.8671203343072039,0.0,0.0,0.9527644040185032
557,STABLE_ORBIT,0.11326481271530216,0.8674990388882189,0.0,0.0,0.9510038381266757
558,STABLE_ORBIT,0.08846646926348317,0.867881000048108,0.0,0.0,0.9515952912960055
559,STABLE_ORBIT,0.10792080694274628,0.8682661795145676,0.0,0.0,0.957899634111179
560,STABLE_ORBIT,0.10538721630835748,0.868654538692822,0.0,0.0,0.9502243194453565
561,STABLE_ORBIT,0.09969603174385155,0.8690460386694898,0.0,0.0,0.9615417144900407
562,STABLE_ORBIT,0.10230313837900393,0.869440640216483,0.0,0.0,0.9437558626744674
563,STABLE_ORBIT,0.10654914776571259,0.8698383037949385,0.0,0.0,0.9523661246814885
564,STABLE_ORBIT,0.10187472595760994,0.8702389895591789,0.0,0.0,0.9609979788429274
565,STABLE_ORBIT,0.06625461904540697,0.8706426573607055,0.0,0.0,0.9419802590821129
566,STABLE_ORBIT,0.09598668028798303,0.8710492667522209,0.0,0.0,0.9451764070473233
567,STABLE_ORBIT,0.10242239443647705,0.8714587769916824,0.0,0.0,0.9452905689595322
568,STABLE_ORBIT,0.08546986486314764,0.8718711470463834,0.0,0.0,0.9594216340517164
569,STABLE_ORBIT,0.10571302170432326,0.8722863355970657,0.0,0.0,0.9385222665546535
570,STABLE_ORBIT,0.09628679471808509,0.8727043010420591,0.0,0.0,0.9640745034509601
571,STABLE_ORBIT,0.10697168380255116,0.8731250015014501,0.0,0.0,0.9351280045785576
572,STABLE_ORBIT,0.10339686489951039,0.8735483948212784,0.0,0.0,0.9551639630865786
573,STABLE_ORBIT,0.10369629803127627,0.8739744385777605,0.0,0.0,0.9547817722754036
574,STABLE_ORBIT,0.09787003829226605,0.8744030900815402,0.0,0.0,0.9514125514702496
575,STABLE_ORBIT,0.09623557318717522,0.8748343063819668,0.0,0.0,0.9496920604811179
576,STABLE_ORBIT,0.10619026186942798,0.8752680442713984,0.0,0.0,0.9531435879267858
577,STABLE_ORBIT,0.11071826950021205,0.8757042602895309,0.0,0.0,0.9543047631921899
578,STABLE_ORBIT,0.10109616839870177,0.8761429107277532,0.0,0.0,0.9501911997596878
579,STABLE_ORBIT,0.09181315229239423,0.8765839516335268,0.0,0.0,0.9315846431517074
580,STABLE_ORBIT,0.09030954731647989,0.8770273388147892,0.0,0.0,0.9571670073808937
581,STABLE_ORBIT,0.1088703319234011,0.8774730278443829,0.0,0.0,0.9556130357567775
582,STABLE_ORBIT,0.10452024708834498,0.877920974064506,0.0,0.0,0.9332894990742115
583,STABLE_ORBIT,0.09481148712783664,0.8783711325911875,0.0,0.0,0.9357182542593395
584,STABLE_ORBIT,0.10705770441404702,0.8788234583187844,0.0,0.0,0.9584514217574731
585,STABLE_ORBIT,0.09617553582129801,0.8792779059245013,0.0,0.0,0.943032561573828
586,STABLE_ORBIT,0.10311884077364232,0.8797344298729319,0.0,0.0,0.9314528958128215
587,STABLE_ORBIT,0.10313548821749725,0.8801929844206215,0.0,0.0,0.9452683335372131
588,STABLE_ORBIT,0.10580411269776865,0.8806535236206502,0.0,0.0,0.9386476057399273
589,STABLE_ORBIT,0.07620335682150016,0.881116001327237,0.0,0.0,0.9522083395398158
590,STABLE_ORBIT,0.09704863421584718,0.8815803712003639,0.0,0.0,0.9411981767947679
591,STABLE_ORBIT,0.10543148072167663,0.8820465867104187,0.0,0.0,0.9756298232041929
592,STABLE_ORBIT,0.11335182320971669,0.8825146011428572,0.0,0.0,0.9348749589663212
593,STABLE_ORBIT,0.10524987556669207,0.8829843676028841,0.0,0.0,0.9618913409951827
594,STABLE_ORBIT,0.08243866738255959,0.8834558390201523,0.0,0.0,0.9516599918640063
595,STABLE_ORBIT,0.10811187634420868,0.8839289681534785,0.0,0.0,0.9474970236552367
596,STABLE_ORBIT,0.09281798328871464,0.8844037075955774,0.0,0.0,0.9490057270129287
597,STABLE_ORBIT,0.10223257536830255,0.8848800097778112,0.0,0.0,0.9443640503755187
598,STABLE_ORBIT,0.10776839545862286,0.8853578269749569,0.0,0.0,0.9461189313006296
599,STABLE_ORBIT,0.08718544536686686,0.8858371113099875,0.0,0.0,0.9292367803634045
600,STABLE_ORBIT,0.10803049606213767,0.8863178147588698,0.0,0.0,0.9471275059091728
601,STABLE_ORBIT,0.09019253415189082,0.8867998891553758,0.0,0.0,0.9574757428071018
602,STABLE_ORBIT,0.09160201846636669,0.8872832861959096,0.0,0.0,0.9541075171552347
603,STABLE_ORBIT,0.09921989516161607,0.887767957444347,0.0,0.0,0.9389722659957302
604,STABLE_ORBIT,0.09057534505089503,0.8882538543368886,0.0,0.0,0.9567994134725059
605,STABLE_ORBIT,0.08748104355501697,0.8887409281869267,0.0,0.0,0.9539310458371539
606,STABLE_ORBIT,0.0955525826937245,0.8892291301899226,0.0,0.0,0.9561996840696242
607,STABLE_ORBIT,0.08637427728277998,0.8897184114282972,0.0,0.0,0.9636672020740036
608,STABLE_ORBIT,0.09705519566128011,0.890208722876333,0.0,0.0,0.9482097539210952
609,STABLE_ORBIT,0.1031953281705304,0.8907000154050858,0.0,0.0,0.9313462592887113
610,STABLE_ORBIT,0.08273101395695666,0.8911922397873077,0.0,0.0,0.9492939686238796
611,STABLE_ORBIT,0.09968217309566357,0.8916853467023795,0.0,0.0,0.9577430730698266
612,STABLE_ORBIT,0.09042573619722886,0.8921792867412529,0.0,0.0,0.9414594404558829
613,STABLE_ORBIT,0.0937878068717142,0.8926740104114008,0.0,0.0,0.931673537789506
614,STABLE_ORBIT,0.10021357750504387,0.8931694681417768,0.0,0.0,0.9487308565427666
615,STABLE_ORBIT,0.11337175909569644,0.8936656102877819,0.0,0.0,0.9457086182678217
616,STABLE_ORBIT,0.09935132323224996,0.8941623871362392,0.0,0.0,0.9513835548136076
617,STABLE_ORBIT,0.1043641134702353,0.8946597489103749,0.0,0.0,0.9478538469545453
618,STABLE_ORBIT,0.10353979541282621,0.8951576457748059,0.0,0.0,0.961487563828287
619,STABLE_ORBIT,0.10932508255427058,0.8956560278405336,0.0,0.0,0.9453971306564652
620,STABLE_ORBIT,0.10260020362117647,0.896154845169942,0.0,0.0,0.9468267309323413
621,STABLE_ORBIT,0.1023096592778771,0.8966540477818024,0.0,0.0,0.943856567194069
622,STABLE_ORBIT,0.09415731489468164,0.8971535856562807,0.0,0.0,0.9438981628679003
623,STABLE_ORBIT,0.08565729447468114,0.8976534087399498,0.0,0.0,0.9491469478538871
624,STABLE_ORBIT,0.09620030607821402,0.8981534669508047,0.0,0.0,0.948442675563318
625,STABLE_ORBIT,0.11554760855383633,0.8986537101832809,0.0,0.0,0.9444089450371878
626,STABLE_ORBIT,0.11487350151171137,0.8991540883132748,0.0,0.0,0.9542458134333053
627,STABLE_ORBIT,0.09369860621190686,0.8996545512031661,0.0,0.0,0.9382622404182349
628,STABLE_ORBIT,0.08499378152313292,0.9001550487068415,0.0,0.0,0.94697767160832
629,STABLE_ORBIT,0.09501700825399889,0.9006555306747196,0.0,0.0,0.9490358732474036
630,STABLE_ORBIT,0.1146899897627371,0.9011559469587758,0.0,0.0,0.9384823756010666
631,STABLE_ORBIT,0.09739693199269898,0.9016562474175664,0.0,0.0,0.9449047310062063
632,STABLE_ORBIT,0.11148342723703514,0.9021563819212541,0.0,0.0,0.952524749793771
633,STABLE_ORBIT,0.11122572525965323,0.9026563003566297,0.0,0.0,0.9497606616812765
634,STABLE_ORBIT,0.1002259561827282,0.9031559526321341,0.0,0.0,0.9417414616201762
635,STABLE_ORBIT,0.10373401826187886,0.9036552886828771,0.0,0.0,0.947933375963429
636,STABLE_ORBIT,0.08992095482550413,0.9041542584756543,0.0,0.0,0.9356436456575787
637,STABLE_ORBIT,0.10301969005878521,0.9046528120139602,0.0,0.0,0.9366701558331699
638,STABLE_ORBIT,0.10113735713245924,0.9051508993429973,0.0,0.0,0.9590298516874597
639,STABLE_ORBIT,0.10222483576789045,0.9056484705546827,0.0,0.0,0.9346422348892024
640,STABLE_ORBIT,0.09339205158458917,0.9061454757926475,0.0,0.0,0.9405230447502931
641,STABLE_ORBIT,0.10354790283077568,0.9066418652572336,0.0,0.0,0.9461483850971745
642,STABLE_ORBIT,0.09182367915867609,0.9071375892104827,0.0,0.0,0.9413465621831016
643,STABLE_ORBIT,0.09115501405495763,0.9076325979811206,0.0,0.0,0.9453569164906912
644,STABLE_ORBIT,0.08826807155661877,0.908126841969534,0.0,0.0,0.9426784443985541
645,STABLE_ORBIT,0.09236786228179114,0.9086202716527402,0.0,0.0,0.9381470104142273
646,STABLE_ORBIT,0.09502184159305602,0.9091128375893496,0.0,0.0,0.9406859610790872
647,STABLE_ORBIT,0.10187580720514222,0.9096044904245195,0.0,0.0,0.9423095005168076
648,STABLE_ORBIT,0.09891469205040523,0.9100951808948995,0.0,0.0,0.9552214883810877
649,STABLE_ORBIT,0.11296366672660228,0.9105848598335675,0.0,0.0,0.9573777001076933
650,STABLE_ORBIT,0.09664128066524726,0.9110734781749567,0.0,0.0,0.9351027648443827
651,STABLE_ORBIT,0.09805286029567654,0.9115609869597711,0.0,0.0,0.9472484269312148
652,STABLE_ORBIT,0.09506077511272265,0.9120473373398919,0.0,0.0,0.9564814933413311
653,STABLE_ORBIT,0.08458035525473794,0.912532480583272,0.0,0.0,0.9585535711028103
654,STABLE_ORBIT,0.1179799206334235,0.9130163680788184,0.0,0.0,0.9318122972411963
655,STABLE_ORBIT,0.09528762246622605,0.9134989513412636,0.0,0.0,0.9425189721994649
656,STABLE_ORBIT,0.10594850062187348,0.9139801820160235,0.0,0.0,0.9384251618751911
657,STABLE_ORBIT,0.10140729454800668,0.9144600118840426,0.0,0.0,0.9487556738797133
658,STABLE_ORBIT,0.10270764206052427,0.9149383928666254,0.0,0.0,0.9667718404764218
659,STABLE_ORBIT,0.1041655390835505,0.915415277030254,0.0,0.0,0.9433247671829543
660,STABLE_ORBIT,0.10277670282353657,0.9158906165913909,0.0,0.0,0.949472393426097
661,STABLE_ORBIT,0.07889281125501993,0.9163643639212672,0.0,0.0,0.9406342012995718
662,STABLE_ORBIT,0.09979234102442582,0.9168364715506542,0.0,0.0,0.9584334321061934
663,STABLE_ORBIT,0.0802493737179086,0.9173068921746208,0.0,0.0,0.9375255387342849
664,STABLE_ORBIT,0.09834600786464866,0.9177755786572727,0.0,0.0,0.9518132079193614
665,STABLE_ORBIT,0.09653641159012273,0.9182424840364756,0.0,0.0,0.9495367159047292
666,STABLE_ORBIT,0.0852941988487137,0.918707561528561,0.0,0.0,0.9602205265558416
667,STABLE_ORBIT,0.10809673148219671,0.9191707645330136,0.0,0.0,0.9523666063575079
668,STABLE_ORBIT,0.09572549720498151,0.9196320466371407,0.0,0.0,0.946252635827552
669,STABLE_ORBIT,0.11477222414051642,0.9200913616207229,0.0,0.0,0.951653699991738
670,STABLE_ORBIT,0.11014215711333894,0.9205486634606452,0.0,0.0,0.9417755195757196
671,STABLE_ORBIT,0.099613034177202,0.9210039063355083,0.0,0.0,0.9589844742454243
672,STABLE_ORBIT,0.08197290940809304,0.9214570446302205,0.0,0.0,0.9622204627743488
673,STABLE_ORBIT,0.09002152945482167,0.9219080329405674,0.0,0.0,0.9431732749463647
674,STABLE_ORBIT,0.1046286964629428,0.9223568260777625,0.0,0.0,0.9575745522750877
675,STABLE_ORBIT,0.10040424729488144,0.9228033790729738,0.0,0.0,0.9509785354860416
676,STABLE_ORBIT,0.09425858727996052,0.9232476471818308,0.0,0.0,0.9490659462196035
677,STABLE_ORBIT,0.11454686427488568,0.9236895858889074,0.0,0.0,0.9561749420712214
678,STABLE_ORBIT,0.08321161955112949,0.9241291509121818,0.0,0.0,0.9366633090852907
679,STABLE_ORBIT,0.09488870011719298,0.9245662982074746,0.0,0.0,0.9517854362226255
680,STABLE_ORBIT,0.10632702538728439,0.9250009839728613,0.0,0.0,0.9592685479586929
681,STABLE_ORBIT,0.0816031174088363,0.9254331646530612,0.0,0.0,0.9430969794768354
682,STABLE_ORBIT,0.10145678641868339,0.9258627969438019,0.0,0.0,0.9740780909450649
683,STABLE_ORBIT,0.11012577838647972,0.9262898377961585,0.0,0.0,0.9472592992470853
684,STABLE_ORBIT,0.08214285881980425,0.9267142444208663,0.0,0.0,0.96067965656318
685,STABLE_ORBIT,0.10822594687557609,0.9271359742926092,0.0,0.0,0.948549430072587
686,STABLE_ORBIT,0.08033506288399239,0.9275549851542801,0.0,0.0,0.9368593550317159
687,STABLE_ORBIT,0.11624812032166391,0.9279712350212157,0.0,0.0,0.9628684782625244
688,STABLE_ORBIT,0.09481873569008488,0.9283846821854024,0.0,0.0,0.9564351984418736
689,STABLE_ORBIT,0.09463284430967409,0.9287952852196559,0.0,0.0,0.9487099488984723
690,STABLE_ORBIT,0.10231033067632989,0.9292030029817725,0.0,0.0,0.9476037909791852
691,STABLE_ORBIT,0.09702152965248204,0.9296077946186511,0.0,0.0,0.9417550427018617
692,STABLE_ORBIT,0.09270240750214245,0.9300096195703867,0.0,0.0,0.9539745397959941
693,STABLE_ORBIT,0.08793615201934246,0.9304084375743348,0.0,0.0,0.9433044329073852
694,STABLE_ORBIT,0.0908889474265249,0.9308042086691449,0.0,0.0,0.9448367465342896
695,STABLE_ORBIT,0.10445172049451092,0.931196893198766,0.0,0.0,0.9605219458150259
696,STABLE_ORBIT,0.1068556645295675,0.9315864518164184,0.0,0.0,0.9521010283321103
697,STABLE_ORBIT,0.09782070585636296,0.9319728454885379,0.0,0.0,0.9465968955639799
698,STABLE_ORBIT,0.09857974138390646,0.9323560354986855,0.0,0.0,0.955267236538731
699,STABLE_ORBIT,0.11537805924725791,0.9327359834514277,0.0,0.0,0.950107266290486
700,STABLE_ORBIT,0.10123383640111493,0.9331126512761835,0.0,0.0,0.9357062148974951
701,STABLE_ORBIT,0.10919031307567535,0.9334860012310389,0.0,0.0,0.9407985343717133
702,STABLE_ORBIT,0.10749302744233474,0.9338559959065283,0.0,0.0,0.9538564406507808
703,STABLE_ORBIT,0.10562926157516705,0.9342225982293841,0.0,0.0,0.9243247991371454
704,STABLE_ORBIT,0.10380243300211496,0.9345857714662499,0.0,0.0,0.9643209615386374
705,STABLE_ORBIT,0.08411844567058682,0.934945479227362,0.0,0.0,0.966492934901256
706,STABLE_ORBIT,0.09668816621233413,0.935301685470196,0.0,0.0,0.9455203333324141
707,STABLE_ORBIT,0.08485287958612531,0.9356543545030771,0.0,0.0,0.9779053706147298
708,STABLE_ORBIT,0.0920803820243751,0.9360034509887574,0.0,0.0,0.9518025609192388
709,STABLE_ORBIT,0.09979948836080646,0.9363489399479562,0.0,0.0,0.9463116628401719
710,STABLE_ORBIT,0.10850645021406201,0.9366907867628652,0.0,0.0,0.9608570586904259
711,STABLE_ORBIT,0.09694354799981864,0.9370289571806167,0.0,0.0,0.9408791306532059
712,STABLE_ORBIT,0.10629554598711341,0.9373634173167165,0.0,0.0,0.9372221933704185
713,STABLE_ORBIT,0.10131083735252276,0.9376941336584379,0.0,0.0,0.9722952778116343
714,STABLE_ORBIT,0.07979548716578408,0.938021073068181,0.0,0.0,0.9612960618687674
715,STABLE_ORBIT,0.11563860625319615,0.9383442027867924,0.0,0.0,0.9381687996299272
716,STABLE_ORBIT,0.08881835828930615,0.9386634904368475,0.0,0.0,0.942372323734015
717,STABLE_ORBIT,0.09855125720517921,0.9389789040258949,0.0,0.0,0.9629375465854052
718,STABLE_ORBIT,0.11261187850445645,0.9392904119496622,0.0,0.0,0.9597185353031503
719,STABLE_ORBIT,0.10831769527877765,0.9395979829952226,0.0,0.0,0.9578321558271261
720,STABLE_ORBIT,0.100770740419244,0.939901586344122,0.0,0.0,0.9521738881069473
721,STABLE_ORBIT,0.11948270377395458,0.9402011915754679,0.0,0.0,0.9548701413058119
722,STABLE_ORBIT,0.0889632943201173,0.9404967686689766,0.0,0.0,0.9542078588834725
723,STABLE_ORBIT,0.10229981878637043,0.940788288007982,0.0,0.0,0.9268222182694482
724,STABLE_ORBIT,0.10997516465337984,0.9410757203824026,0.0,0.0,0.9316219580176813
725,STABLE_ORBIT,0.10015883683223807,0.9413590369916687,0.0,0.0,0.9515829152196351
726,STABLE_ORBIT,0.10026918012456762,0.9416382094476078,0.0,0.0,0.9519465777986486
727,STABLE_ORBIT,0.08850762041933562,0.9419132097772898,0.0,0.0,0.9382674952753729
728,STABLE_ORBIT,0.12289959024153616,0.9421840104258288,0.0,0.0,0.9411576879049354
729,STABLE_ORBIT,0.10565371042337475,0.9424505842591453,0.0,0.0,0.9440439334779296
730,STABLE_ORBIT,0.10865503338645566,0.9427129045666841,0.0,0.0,0.9443147375199595
731,STABLE_ORBIT,0.10972433154671771,0.9429709450640911,0.0,0.0,0.9485174486646815
732,STABLE_ORBIT,0.10729385555059105,0.9432246798958466,0.0,0.0,0.9365523252476021
733,STABLE_ORBIT,0.10718988122004483,0.9434740836378569,0.0,0.0,0.9413476065782417
734,STABLE_ORBIT,0.0964028499209779,0.9437191313000005,0.0,0.0,0.933115776896632
735,STABLE_ORBIT,0.10707606378672635,0.9439597983286332,0.0,0.0,0.9454594186095083
736,STABLE_ORBIT,0.10911313249976733,0.9441960606090478,0.0,0.0,0.9545834386055675
737,STABLE_ORBIT,0.09104001158522802,0.9444278944678904,0.0,0.0,0.9450030797936172
738,STABLE_ORBIT,0.09196237015861154,0.9446552766755327,0.0,0.0,0.9407719175552517
739,STABLE_ORBIT,0.11339213930292091,0.9448781844483997,0.0,0.0,0.9487535430788347
740,STABLE_ORBIT,0.10372751155581307,0.9450965954512517,0.0,0.0,0.9347405793208435
741,STABLE_ORBIT,0.09482205092764935,0.9453104877994235,0.0,0.0,0.9370320327562766
742,STABLE_ORBIT,0.08987976732432633,0.9455198400610165,0.0,0.0,0.9536994447840693
743,STABLE_ORBIT,0.08271841600871752,0.9457246312590465,0.0,0.0,0.955264935565551
744,STABLE_ORBIT,0.07878602520494578,0.9459248408735452,0.0,0.0,0.9541723469753804
745,STABLE_ORBIT,0.10626262287012443,0.9461204488436165,0.0,0.0,0.954623705890771
746,STABLE_ORBIT,0.10436481516100321,0.9463114355694467,0.0,0.0,0.9585024633256808
747,STABLE_ORBIT,0.0966564952906546,0.9464977819142685,0.0,0.0,0.9383720978882331
748,STABLE_ORBIT,0.09501781298764023,0.9466794692062778,0.0,0.0,0.9531267193120684
749,STABLE_ORBIT,0.08457447938878562,0.9468564792405055,0.0,0.0,0.9455054374871901
750,STABLE_ORBIT,0.10921537563455991,0.9470287942806412,0.0,0.0,0.9323109874787925
751,STABLE_ORBIT,0.10015531295102967,0.9471963970608102,0.0,0.0,0.9495146565156302
752,STABLE_ORBIT,0.09581207974143166,0.9473592707873038,0.0,0.0,0.9467032329280896
753,STABLE_ORBIT,0.10161241606390532,0.9475173991402618,0.0,0.0,0.9548507288363278
754,STABLE_ORBIT,0.09310156168316304,0.9476707662753083,0.0,0.0,0.9543980881702642
755,STABLE_ORBIT,0.10452787607112346,0.9478193568251385,0.0,0.0,0.942386756501902
756,STABLE_ORBIT,0.08871998877289831,0.947963155901059,0.0,0.0,0.9493059129388086
757,STABLE_ORBIT,0.0934088391548303,0.9481021490944794,0.0,0.0,0.94899218632133
758,STABLE_ORBIT,0.11091576608750738,0.9482363224783565,0.0,0.0,0.9489359672400096
759,STABLE_ORBIT,0.09591024521924152,0.948365662608589,0.0,0.0,0.9671933964272087
760,STABLE_ORBIT,0.09354760967403933,0.9484901565253652,0.0,0.0,0.9525674820882505
761,STABLE_ORBIT,0.11262045880756424,0.9486097917544615,0.0,0.0,0.9669390482473489
762,STABLE_ORBIT,0.10323461858726214,0.9487245563084921,0.0,0.0,0.9597748393532962
763,STABLE_ORBIT,0.08773954244851336,0.9488344386881101,0.0,0.0,0.9418897986162784
764,STABLE_ORBIT,0.1059255655339767,0.9489394278831601,0.0,0.0,0.9490373522138896
765,STABLE_ORBIT,0.08700024752936864,0.949039513373781,0.0,0.0,0.9459427924772098
766,STABLE_ORBIT,0.11512492639461754,0.9491346851314605,0.0,0.0,0.9538426040345119
767,STABLE_ORBIT,0.10034170174589271,0.9492249336200392,0.0,0.0,0.9688171130377319
768,STABLE_ORBIT,0.10364296305082386,0.9493102497966672,0.0,0.0,0.9507388738843684
769,STABLE_ORBIT,0.09604927145668354,0.9493906251127093,0.0,0.0,0.9426872590082215
770,STABLE_ORBIT,0.10968401233756556,0.9494660515146018,0.0,0.0,0.9553502485144996
771,STABLE_ORBIT,0.11209260257097788,0.9495365214446599,0.0,0.0,0.9572422695875326
772,STABLE_ORBIT,0.1061784982188236,0.9496020278418342,0.0,0.0,0.9567320204207626
773,STABLE_ORBIT,0.12026414779956386,0.949662564142419,0.0,0.0,0.964801049918758
774,STABLE_ORBIT,0.0928450941497253,0.9497181242807092,0.0,0.0,0.946500417476863
775,STABLE_ORBIT,0.1006099452669395,0.9497687026896091,0.0,0.0,0.9726408127296056
776,STABLE_ORBIT,0.09495056542469318,0.9498142943011889,0.0,0.0,0.9774734462259863
777,STABLE_ORBIT,0.1048964692334862,0.9498548945471937,0.0,0.0,0.9483821117871517
778,STABLE_ORBIT,0.10275558626288328,0.9498904993595008,0.0,0.0,0.9783368461480881
779,STABLE_ORBIT,0.09487410519661853,0.9499211051705269,0.0,0.0,0.9636908780322354
780,STABLE_ORBIT,0.12047835541689406,0.949946708913586,0.0,0.0,0.9478685045103992
781,STABLE_ORBIT,0.11347630265052648,0.9499673080231972,0.0,0.0,0.9519177504615024
782,STABLE_ORBIT,0.08926799030969254,0.9499829004353404,0.0,0.0,0.9375642420434327
783,STABLE_ORBIT,0.07870913640410733,0.9499934845876644,0.0,0.0,0.9557786548264349
784,STABLE_ORBIT,0.10006182823660043,0.9499990594196428,0.0,0.0,0.9457392104759809
785,STABLE_ORBIT,0.10202728328039168,0.9499996243726805,0.0,0.0,0.9579704362807901
786,STABLE_ORBIT,0.08270664933031119,0.9499951793901694,0.0,0.0,0.9665264695441504
787,STABLE_ORBIT,0.08038634167575773,0.9499857249174944,0.0,0.0,0.9536411794666323
788,STABLE_ORBIT,0.08995731582164754,0.9499712619019887,0.0,0.0,0.9653080476653308
789,STABLE_ORBIT,0.10280701365978397,0.9499517917928384,0.0,0.0,0.9606739379317544
790,STABLE_ORBIT,0.09200167061479336,0.9499273165409383,0.0,0.0,0.9555177218379328
791,STABLE_ORBIT,0.10256576956263723,0.9498978385986955,0.0,0.0,0.9448626738391929
792,STABLE_ORBIT,0.1106794687173373,0.9498633609197837,0.0,0.0,0.9443352814766631
793,STABLE_ORBIT,0.09934478776651562,0.9498238869588482,0.0,0.0,0.9621304529935129
794,STABLE_ORBIT,0.07743707934906885,0.9497794206711585,0.0,0.0,0.9442547591754282
795,STABLE_ORBIT,0.09900898581795889,0.949729966512213,0.0,0.0,0.957243624796432
796,STABLE_ORBIT,0.0874387969864668,0.9496755294372915,0.0,0.0,0.9504763068449738
797,STABLE_ORBIT,0.11283912240708335,0.9496161149009601,0.0,0.0,0.9335489013499864
798,STABLE_ORBIT,0.09514594659178255,0.9495517288565234,0.0,0.0,0.9501540078825734
799,STABLE_ORBIT,0.11195675174768482,0.9494823777554283,0.0,0.0,0.9502987759109173
800,STABLE_ORBIT,0.10369694598789828,0.9494080685466183,0.0,0.0,0.960013491802306
801,STABLE_ORBIT,0.09674402968712076,0.9493288086758359,0.0,0.0,0.9405431596116147
802,STABLE_ORBIT,0.09674093584469202,0.9492446060848779,0.0,0.0,0.9666830938367332
803,STABLE_ORBIT,0.09337540508338592,0.9491554692107987,0.0,0.0,0.936832814329351
804,STABLE_ORBIT,0.08917015995546386,0.9490614069850654,0.0,0.0,0.961841565164199
805,STABLE_ORBIT,0.0951346563947361,0.9489624288326622,0.0,0.0,0.9457926904325137
806,STABLE_ORBIT,0.11703038914860871,0.9488585446711473,0.0,0.0,0.9515385825639665
807,STABLE_ORBIT,0.08997631939712157,0.9487497649096577,0.0,0.0,0.9563413741592554
808,STABLE_ORBIT,0.10386099768966071,0.9486361004478673,0.0,0.0,0.9520814796814628
809,STABLE_ORBIT,0.12567396490927418,0.9485175626748942,0.0,0.0,0.9628016303617444
810,STABLE_ORBIT,0.11476974214239376,0.9483941634681597,0.0,0.0,0.958195592837648
811,STABLE_ORBIT,0.09962255750865434,0.948265915192198,0.0,0.0,0.9497902229579877
812,STABLE_ORBIT,0.08275202700652556,0.9481328306974178,0.0,0.0,0.9474301531968378
813,STABLE_ORBIT,0.10327419506340772,0.9479949233188141,0.0,0.0,0.9587956685526504
814,STABLE_ORBIT,0.10561999554876121,0.947852206874632,0.0,0.0,0.9526409721991087
815,STABLE_ORBIT,0.10208044991605723,0.9477046956649828,0.0,0.0,0.9419813325014592
816,STABLE_ORBIT,0.08512762165781057,0.9475524044704108,0.0,0.0,0.9494307576311986
817,STABLE_ORBIT,0.11202347593821241,0.9473953485504119,0.0,0.0,0.9533356029137352
818,STABLE_ORBIT,0.10352765213750256,0.9472335436419049,0.0,0.0,0.9414804951513713
819,STABLE_ORBIT,0.10292099676280399,0.947067005957655,0.0,0.0,0.9419896138540867
820,STABLE_ORBIT,0.09122398735494854,0.9468957521846489,0.0,0.0,0.925316092830456
821,STABLE_ORBIT,0.09894726313133831,0.9467197994824228,0.0,0.0,0.9389204930735203
822,STABLE_ORBIT,0.10278000760471558,0.946539165481343,0.0,0.0,0.9413383854613614
823,STABLE_ORBIT,0.11230671640636172,0.9463538682808397,0.0,0.0,0.9477111344250678
824,STABLE_ORBIT,0.09645404851760127,0.9461639264475928,0.0,0.0,0.9569053860313653
825,STABLE_ORBIT,0.09303758117423747,0.9459693590136723,0.0,0.0,0.9630100002973803
826,STABLE_ORBIT,0.1047155729979259,0.9457701854746308,0.0,0.0,0.9633288608705453
827,STABLE_ORBIT,0.10692025367194848,0.9455664257875498,0.0,0.0,0.9388263120627609
828,STABLE_ORBIT,0.0827723345817132,0.945358100369041,0.0,0.0,0.9347636120891984
829,STABLE_ORBIT,0.08517253343611725,0.9451452300931995,0.0,0.0,0.9344642818392236
830,STABLE_ORBIT,0.10211104299214754,0.9449278362895128,0.0,0.0,0.9390350372092122
831,STABLE_ORBIT,0.09247738328233335,0.9447059407407233,0.0,0.0,0.9403538521843567
832,STABLE_ORBIT,0.07702417778203571,0.9444795656806462,0.0,0.0,0.9445921779684483
833,STABLE_ORBIT,0.09088606167829312,0.9442487337919411,0.0,0.0,0.9557213839071559
834,STABLE_ORBIT,0.08001479084381391,0.9440134682038392,0.0,0.0,0.9528866763549813
835,STABLE_ORBIT,0.09518725714577006,0.9437737924898266,0.0,0.0,0.947681241376819
836,STABLE_ORBIT,0.08832260769835824,0.9435297306652811,0.0,0.0,0.9414512446352413
837,STABLE_ORBIT,0.10467823637616556,0.9432813071850668,0.0,0.0,0.9424826852673336
838,STABLE_ORBIT,0.1033489425581609,0.943028546941083,0.0,0.0,0.942540609470398
839,STABLE_ORBIT,0.09502227430759337,0.9427714752597707,0.0,0.0,0.9501310104088653
840,STABLE_ORBIT,0.0910294371699702,0.9425101178995745,0.0,0.0,0.9459256971404342
841,STABLE_ORBIT,0.10809040473604356,0.9422445010483618,0.0,0.0,0.9581001871061506
842,STABLE_ORBIT,0.110389014725231,0.9419746513207985,0.0,0.0,0.9458519587330267
843,STABLE_ORBIT,0.09434161914087313,0.9417005957556828,0.0,0.0,0.9739906434570516
844,STABLE_ORBIT,0.10763361624741889,0.9414223618132351,0.0,0.0,0.9475609217994515
845,STABLE_ORBIT,0.09684484986879295,0.9411399773723474,0.0,0.0,0.9548212805488191
846,STABLE_ORBIT,0.10600612662977167,0.9408534707277892,0.0,0.0,0.9516932238116191
847,STABLE_ORBIT,0.09257181069480691,0.9405628705873726,0.0,0.0,0.942082603030607
848,STABLE_ORBIT,0.09454344080966602,0.9402682060690759,0.0,0.0,0.9536174874796539
849,STABLE_ORBIT,0.10953222643301883,0.9399695066981258,0.0,0.0,0.9398986437913996
850,STABLE_ORBIT,0.09469555894873592,0.9396668024040391,0.0,0.0,0.9527031057750859
851,STABLE_ORBIT,0.09841197272986353,0.9393601235176237,0.0,0.0,0.951265433768343
852,STABLE_ORBIT,0.10081710981589252,0.9390495007679395,0.0,0.0,0.9362990345798649
853,STABLE_ORBIT,0.10180538422662758,0.9387349652792194,0.0,0.0,0.9400564851409499
854,STABLE_ORBIT,0.09994400902224049,0.9384165485677509,0.0,0.0,0.9557933300945219
855,STABLE_ORBIT,0.10469610953752279,0.9380942825387176,0.0,0.0,0.9477331301245254
856,STABLE_ORBIT,0.10225365665045338,0.9377681994830028,0.0,0.0,0.9613841351219904
857,STABLE_ORBIT,0.09576498296031333,0.9374383320739539,0.0,0.0,0.9497928841345814
858,STABLE_ORBIT,0.11745874384170457,0.9371047133641083,0.0,0.0,0.9555857882078075
859,STABLE_ORBIT,0.09834270049658692,0.9367673767818817,0.0,0.0,0.9442191869721928
860,STABLE_ORBIT,0.11257157803328806,0.9364263561282189,0.0,0.0,0.9376015709817357
861,STABLE_ORBIT,0.1034354343787333,0.9360816855732066,0.0,0.0,0.9511984483454393
862,STABLE_ORBIT,0.09595145435510019,0.9357333996526493,0.0,0.0,0.9512255093250789
863,STABLE_ORBIT,0.10561073506414642,0.9353815332646097,0.0,0.0,0.9665803939236516
864,STABLE_ORBIT,0.08908514235099538,0.935026121665911,0.0,0.0,0.9489733128295301
865,STABLE_ORBIT,0.08430839016915916,0.9346672004686051,0.0,0.0,0.9620032824706225
866,STABLE_ORBIT,0.11433628795116547,0.9343048056364031,0.0,0.0,0.9431923661198223
867,STABLE_ORBIT,0.1111401705875042,0.933938973481073,0.0,0.0,0.942687737227233
868,STABLE_ORBIT,0.10120101617963037,0.9335697406588007,0.0,0.0,0.9565260341793754
869,STABLE_ORBIT,0.10945207066761727,0.933197144166517,0.0,0.0,0.9522845804771969
870,STABLE_ORBIT,0.09791857198317758,0.9328212213381903,0.0,0.0,0.9489286969019575
871,STABLE_ORBIT,0.08253166780681925,0.9324420098410867,0.0,0.0,0.9543240575779347
872,STABLE_ORBIT,0.08621328975066479,0.9320595476719948,0.0,0.0,0.9510484949984929
873,STABLE_ORBIT,0.11349706408691959,0.9316738731534188,0.0,0.0,0.9532175298914967
874,STABLE_ORBIT,0.10604589892757747,0.9312850249297385,0.0,0.0,0.9447345700025033
875,STABLE_ORBIT,0.09676343719368162,0.9308930419633377,0.0,0.0,0.9543031171504077
876,STABLE_ORBIT,0.0952266571943161,0.930497963530699,0.0,0.0,0.9380462185829819
877,STABLE_ORBIT,0.10573993479652528,0.9300998292184699,0.0,0.0,0.9569705655680242
878,STABLE_ORBIT,0.09824447705802741,0.9296986789194948,0.0,0.0,0.9547590229218527
879,STABLE_ORBIT,0.09527969393747791,0.9292945528288185,0.0,0.0,0.9435975014387697
880,STABLE_ORBIT,0.10561676452579093,0.9288874914396584,0.0,0.0,0.9496610470983753
881,STABLE_ORBIT,0.10757714675022846,0.9284775355393479,0.0,0.0,0.9488502454236328
882,STABLE_ORBIT,0.09687251852262459,0.9280647262052478,0.0,0.0,0.9428332118882563
883,STABLE_ORBIT,0.10753822818801224,0.9276491048006325,0.0,0.0,0.9569709113489375
884,STABLE_ORBIT,0.1109362579784301,0.9272307129705434,0.0,0.0,0.9620449837280485
885,STABLE_ORBIT,0.09632531020035169,0.9268095926376178,0.0,0.0,0.9564604731038633
886,STABLE_ORBIT,0.11687602349438755,0.9263857859978871,0.0,0.0,0.9562305982571814
887,STABLE_ORBIT,0.10277914833445267,0.9259593355165494,0.0,0.0,0.9553906786849209
888,STABLE_ORBIT,0.09270000093014258,0.9255302839237142,0.0,0.0,0.9479198114247085
889,STABLE_ORBIT,0.09926065128596258,0.9250986742101209,0.0,0.0,0.9564777834889057
890,STABLE_ORBIT,0.08708675978921243,0.9246645496228316,0.0,0.0,0.9504845768957947
891,STABLE_ORBIT,0.09298643685492203,0.9242279536608969,0.0,0.0,0.9473304089857509
892,STABLE_ORBIT,0.10406930977919389,0.9237889300709983,0.0,0.0,0.9611128191062337
893,STABLE_ORBIT,0.09799170146219928,0.9233475228430638,0.0,0.0,0.9524846361309086
894,STABLE_ORBIT,0.0922507877390145,0.9229037762058611,0.0,0.0,0.9450809429695152
895,STABLE_ORBIT,0.09274857135478104,0.9224577346225651,0.0,0.0,0.9566484052308744
896,STABLE_ORBIT,0.0836657462116842,0.9220094427863035,0.0,0.0,0.9585912683120446
897,STABLE_ORBIT,0.09714981229378979,0.9215589456156776,0.0,0.0,0.9449714901428568
898,STABLE_ORBIT,0.09312529556785766,0.9211062882502625,0.0,0.0,0.9503664808889594
899,STABLE_ORBIT,0.0916651685010405,0.9206515160460835,0.0,0.0,0.9625616817792146
900,STABLE_ORBIT,0.08649019097664076,0.9201946745710715,0.0,0.0,0.960477083062745
901,STABLE_ORBIT,0.11300212413001792,0.9197358096004974,0.0,0.0,0.9344899242437074
902,STABLE_ORBIT,0.10183036235146689,0.919274967112385,0.0,0.0,0.9617629917602925
903,STABLE_ORBIT,0.09590010699476414,0.9188121932829045,0.0,0.0,0.9333576756501073
904,STABLE_ORBIT,0.10995220894364778,0.9183475344817456,0.0,0.0,0.9642118101565001
905,STABLE_ORBIT,0.11196148026547494,0.9178810372674707,0.0,0.0,0.9484393273288773
906,STABLE_ORBIT,0.08188626727365003,0.9174127483828509,0.0,0.0,0.9470101278704202
907,STABLE_ORBIT,0.10407799566930054,0.9169427147501811,0.0,0.0,0.9526149193589298
908,STABLE_ORBIT,0.09919549925601494,0.9164709834665791,0.0,0.0,0.9363530337316683
909,STABLE_ORBIT,0.09806640655640966,0.9159976017992667,0.0,0.0,0.9499578988955336
910,STABLE_ORBIT,0.11722429744429429,0.9155226171808332,0.0,0.0,0.9381206227992517
911,STABLE_ORBIT,0.10544176258828235,0.9150460772044824,0.0,0.0,0.961152275594643
912,STABLE_ORBIT,0.09769585772231174,0.9145680296192645,0.0,0.0,0.9554857662412907
913,STABLE_ORBIT,0.09878834933167586,0.9140885223252913,0.0,0.0,0.9585634757725988
914,STABLE_ORBIT,0.11276085251870716,0.9136076033689362,0.0,0.0,0.9393391132276158
915,STABLE_ORBIT,0.0878141791551622,0.913125320938021,0.0,0.0,0.9419413869520273
916,STABLE_ORBIT,0.10648108444514308,0.9126417233569866,0.0,0.0,0.9533873531923605
917,STABLE_ORBIT,0.1101506385792921,0.9121568590820511,0.0,0.0,0.9533687243921444
918,STABLE_ORBIT,0.1140954027925432,0.911670776696355,0.0,0.0,0.9626096790261155
919,STABLE_ORBIT,0.10615099323812022,0.9111835249050927,0.0,0.0,0.9539012946727728
920,STABLE_ORBIT,0.10500099973445232,0.9106951525306323,0.0,0.0,0.953969198348963
921,STABLE_ORBIT,0.10504042089875851,0.9102057085076238,0.0,0.0,0.9386428037927115
922,STABLE_ORBIT,0.08052864529663187,0.9097152418780958,0.0,0.0,0.9392878877083563
923,STABLE_ORBIT,0.09824212257417188,0.9092238017865418,0.0,0.0,0.9246729082728374
924,STABLE_ORBIT,0.0826704720831284,0.9087314374749952,0.0,0.0,0.945922543739861
925,STABLE_ORBIT,0.09789649898580238,0.9082381982780959,0.0,0.0,0.9286001877397467
926,STABLE_ORBIT,0.10584312393788185,0.9077441336181472,0.0,0.0,0.959630034394778
927,STABLE_ORBIT,0.09983556229460774,0.9072492930001629,0.0,0.0,0.9555172978268427
928,STABLE_ORBIT,0.10702321689682039,0.9067537260069075,0.0,0.0,0.9485246890418423
929,STABLE_ORBIT,0.09907004737806398,0.906257482293928,0.0,0.0,0.9461648527779397
930,STABLE_ORBIT,0.09780033219835182,0.9057606115845784,0.0,0.0,0.9532391480467304
931,STABLE_ORBIT,0.1008249868485661,0.9052631636650373,0.0,0.0,0.9682064838490217
932,STABLE_ORBIT,0.09968734771736099,0.9047651883793195,0.0,0.0,0.9460682111467088
933,STABLE_ORBIT,0.10188029351256761,0.9042667356242815,0.0,0.0,0.9359189468030904
934,STABLE_ORBIT,0.09171279130460436,0.9037678553446221,0.0,0.0,0.9534962884829993
935,STABLE_ORBIT,0.08370137435948784,0.9032685975278777,0.0,0.0,0.9607564231170365
936,STABLE_ORBIT,0.09733660812842793,0.902769012199414,0.0,0.0,0.9409661566575597
937,STABLE_ORBIT,0.11666725628177153,0.9022691494174127,0.0,0.0,0.9635368777722539
938,STABLE_ORBIT,0.09138630485124068,0.9017690592678567,0.0,0.0,0.939708794168228
939,STABLE_ORBIT,0.09863788093868237,0.9012687918595107,0.0,0.0,0.9321552556134883
940,STABLE_ORBIT,0.1047235309005485,0.9007683973189009,0.0,0.0,0.9576301949635013
941,STABLE_ORBIT,0.08665267580866481,0.9002679257852918,0.0,0.0,0.9290841684412211
942,STABLE_ORBIT,0.10325283316909263,0.8997674274056626,0.0,0.0,0.9737918609177627
943,STABLE_ORBIT,0.0882784494071938,0.8992669523296828,0.0,0.0,0.9459663314782202
944,STABLE_ORBIT,0.09599747671009487,0.8987665507046863,0.0,0.0,0.9605874404875192
945,STABLE_ORBIT,0.08698594952430498,0.8982662726706477,0.0,0.0,0.9480506172826884
946,STABLE_ORBIT,0.10151562856841041,0.8977661683551579,0.0,0.0,0.9243010105753341
947,STABLE_ORBIT,0.10302505519248761,0.8972662878684009,0.0,0.0,0.939134480139364
948,STABLE_ORBIT,0.11355880087799133,0.8967666812981335,0.0,0.0,0.9540125854463319
949,STABLE_ORBIT,0.09880910238103437,0.8962673987046661,0.0,0.0,0.9332838689811931
950,STABLE_ORBIT,0.0961233460501313,0.8957684901158467,0.0,0.0,0.9572078731139366
951,STABLE_ORBIT,0.1077535404086578,0.8952700055220486,0.0,0.0,0.9585803732810801
952,STABLE_ORBIT,0.10616781518272465,0.8947719948711605,0.0,0.0,0.9578758215613089
953,STABLE_ORBIT,0.09452069675283277,0.8942745080635828,0.0,0.0,0.9507659302042966
954,STABLE_ORBIT,0.09960319556330086,0.8937775949472266,0.0,0.0,0.941851178608738
955,STABLE_ORBIT,0.09138981451988476,0.8932813053125198,0.0,0.0,0.9556448643974034
956,STABLE_ORBIT,0.094806544614644,0.8927856888874177,0.0,0.0,0.9622031795309656
957,STABLE_ORBIT,0.09785080961558604,0.8922907953324202,0.0,0.0,0.9627553533625297
958,STABLE_ORBIT,0.11978870139549272,0.8917966742355962,0.0,0.0,0.9515902999881445
959,STABLE_ORBIT,0.10016041502390606,0.8913033751076146,0.0,0.0,0.954524497803847
960,STABLE_ORBIT,0.09470883757061734,0.8908109473767833,0.0,0.0,0.9446886032763124
961,STABLE_ORBIT,0.1001967857583119,0.8903194403840973,0.0,0.0,0.935248610389178
962,STABLE_ORBIT,0.10812597277385917,0.8898289033782932,0.0,0.0,0.9619710171803711
963,STABLE_ORBIT,0.09677346076476077,0.8893393855109162,0.0,0.0,0.9456847418900207
964,STABLE_ORBIT,0.0798490135448784,0.888850935831394,0.0,0.0,0.9181879684623375
965,STABLE_ORBIT,0.08670467884571413,0.8883636032821225,0.0,0.0,0.9574037944424076
966,STABLE_ORBIT,0.09567438808540331,0.8878774366935619,0.0,0.0,0.9468821737801978
967,STABLE_ORBIT,0.11674157088175915,0.8873924847793436,0.0,0.0,0.942649728239925
968,STABLE_ORBIT,0.09532177941121626,0.8869087961313894,0.0,0.0,0.9460480854568386
969,STABLE_ORBIT,0.10097420209116917,0.8864264192150424,0.0,0.0,0.9416316780998604
970,STABLE_ORBIT,0.08579236085166757,0.8859454023642109,0.0,0.0,0.9579938125991365
971,STABLE_ORBIT,0.08917023997375388,0.8854657937765255,0.0,0.0,0.9493542457351742
972,STABLE_ORBIT,0.10772150997262091,0.8849876415085093,0.0,0.0,0.9572571917952312
973,STABLE_ORBIT,0.0986392131278173,0.8845109934707633,0.0,0.0,0.9343330214759038
974,STABLE_ORBIT,0.07580769845285197,0.8840358974231652,0.0,0.0,0.9634296451752555
975,STABLE_ORBIT,0.09142431568684123,0.8835624009700842,0.0,0.0,0.9403280944997443
976,STABLE_ORBIT,0.0926521178134089,0.883090551555611,0.0,0.0,0.9518345481333396
977,STABLE_ORBIT,0.09896532475251134,0.8826203964588039,0.0,0.0,0.9440395829185854
978,STABLE_ORBIT,0.12657368730695645,0.8821519827889513,0.0,0.0,0.9596716343882814
979,STABLE_ORBIT,0.10089686886925918,0.881685357480852,0.0,0.0,0.9562629975575256
980,STABLE_ORBIT,0.1224307755433561,0.8812205672901113,0.0,0.0,0.9479894529208501
981,STABLE_ORBIT,0.09834121998206814,0.8807576587884575,0.0,0.0,0.9395117922127549
982,STABLE_ORBIT,0.09881613308155832,0.8802966783590739,0.0,0.0,0.9603760859811343
983,STABLE_ORBIT,0.1096928954517816,0.8798376721919523,0.0,0.0,0.9576381125429317
984,STABLE_ORBIT,0.10436678424856904,0.8793806862792646,0.0,0.0,0.9452029117096405
985,STABLE_ORBIT,0.0996924228589105,0.8789257664107543,0.0,0.0,0.9361740729942942
986,STABLE_ORBIT,0.10898182783186011,0.8784729581691479,0.0,0.0,0.9616463625309288
987,STABLE_ORBIT,0.09528369269321026,0.8780223069255888,0.0,0.0,0.9498962983099164
988,STABLE_ORBIT,0.09417544017506708,0.8775738578350897,0.0,0.0,0.9452900797851257
989,STABLE_ORBIT,0.08968050496968502,0.8771276558320089,0.0,0.0,0.9528698950769056
990,STABLE_ORBIT,0.09522875773450792,0.8766837456255481,0.0,0.0,0.9521895498122532
991,STABLE_ORBIT,0.10627396750997023,0.8762421716952716,0.0,0.0,0.966052877728298
992,STABLE_ORBIT,0.09097435263062788,0.8758029782866508,0.0,0.0,0.9642134470367864
993,STABLE_ORBIT,0.08545547070367249,0.8753662094066293,0.0,0.0,0.9375231826491542
994,STABLE_ORBIT,0.09700587332503488,0.8749319088192149,0.0,0.0,0.9488929957568146
995,STABLE_ORBIT,0.09007727423491399,0.8745001200410936,0.0,0.0,0.9342863646847992
996,STABLE_ORBIT,0.08645329004807432,0.8740708863372693,0.0,0.0,0.9361199641124717
997,STABLE_ORBIT,0.09422891261463323,0.8736442507167288,0.0,0.0,0.9432158754623002
998,STABLE_ORBIT,0.09343514412773665,0.8732202559281328,0.0,0.0,0.9436383883762053
999,STABLE_ORBIT,0.08161796952558015,0.8727989444555315,0.0,0.0,0.9527306266237547
