timestep,state_id,entropy_H,coherence_k,emergence_eta,bifurcation_B,reducibility_score,perturbation,response,attractor_state,ligand_concentration,receptor_affinity,delta_G,conformational_state,thermal_noise
t1,Unbound,0.9900990099009901,0.009900990099009901,0.008415841584158416,0.01980198019801982,0.98,Concentration_Ramp,Conformational_Shift,Free_Receptor,1e-06,0.0001,11415.383567895935,0.009405940594059406,-0.058505651302967976
t2,Unbound,0.8238063214525891,0.1761936785474109,0.14976462676529925,0.3523873570948217,0.98,Concentration_Ramp,Conformational_Shift,Free_Receptor,2.1387755102040818e-05,0.0001,3823.2106410429383,0.16738399462004033,-0.09009902187900098
t3,Unbound,0.7053404347200231,0.29465956527997694,0.2504606304879804,0.5893191305599539,0.98,Concentration_Ramp,Conformational_Shift,Free_Receptor,4.177551020408163e-05,0.0001,2163.6617819370917,0.27992658701597806,0.027073136410239403
t4,Unbound,0.616662471683866,0.38333752831613394,0.3258368990687138,0.7666750566322679,0.98,Concentration_Ramp,Conformational_Shift,Free_Receptor,6.216326530612246e-05,0.0001,1178.445346721445,0.3641706519003272,0.03795775801513235
t5,Unbound,0.5477920626048072,0.4522079373951929,0.38437674678591394,0.9044158747903858,0.98,Concentration_Ramp,Conformational_Shift,Free_Receptor,8.255102040816327e-05,0.0001,475.32261852969566,0.4295975405254332,-0.028825520036335973
t6,Unbound,0.4927594529364441,0.5072405470635559,0.43115446500402255,0.9855189058728882,0.98,Concentration_Ramp,Conformational_Shift,Free_Receptor,0.00010293877551020408,0.0001,-71.7970467744452,0.4818785197103781,-0.1295521146072455
t7,Unbound,0.4477748332267203,0.5522251667732797,0.4693913917572877,0.8955496664534406,0.98,Concentration_Ramp,Conformational_Shift,Free_Receptor,0.00012332653061224492,0.0001,-519.7225313837038,0.5246139084346157,-0.02731222241262414
t8,Unbound,0.4103165298944901,0.5896834701055099,0.5012309495896834,0.8206330597889802,0.98,Concentration_Ramp,Conformational_Shift,Free_Receptor,0.00014371428571428573,0.0001,-898.9611387834575,0.5601992966002344,0.019590200270127325
t9,Unbound,0.3786415269299127,0.6213584730700873,0.5281547021095742,0.7572830538598254,0.98,Concentration_Ramp,Conformational_Shift,Free_Receptor,0.00016410204081632654,0.0001,-1227.8043363455304,0.5902905494165829,-0.07394557843870644
t10,Unbound,0.35150645624103305,0.648493543758967,0.5512195121951219,0.7030129124820661,0.98,Concentration_Ramp,Conformational_Shift,Free_Receptor,0.00018448979591836735,0.0001,-1518.0882337112864,0.6160688665710186,0.009167995988957782
t11,Unbound,0.32800053551107844,0.6719994644889216,0.5711995448155833,0.6560010710221569,0.98,Concentration_Ramp,Conformational_Shift,Free_Receptor,0.00020487755102040816,0.0001,-1777.9139202049362,0.6383994912644755,-0.0007654924586497779
t12,Unbound,0.30744133517379846,0.6925586648262015,0.5886748651022713,0.6148826703475969,0.98,Concentration_Ramp,Conformational_Shift,Free_Receptor,0.000225265306122449,0.0001,-2013.07045853773,0.6579307315848915,0.02896457498005442
t13,Unbound,0.28930743342976906,0.7106925665702309,0.6040886815846963,0.5786148668595381,0.98,Concentration_Ramp,Conformational_Shift,Free_Receptor,0.00024565306122448986,0.0001,-2227.838752110513,0.6751579382417193,0.005979018420707663
t14,Unbound,0.273193577163247,0.726806422836753,0.6177854594112401,0.546387154326494,0.98,Concentration_Ramp,Conformational_Shift,Free_Receptor,0.00026604081632653067,0.0001,-2425.4738129538914,0.6904661016949153,-0.04865344704407778
t15,Unbound,0.25878003696857665,0.7412199630314233,0.6300369685767099,0.5175600739371533,0.98,Concentration_Ramp,Conformational_Shift,Free_Receptor,0.0002864285714285715,0.0001,-2608.508449001993,0.7041589648798522,0.05982857508322457
t16,Transitioning,0.24581117688371623,0.7541888231162838,0.6410604996488412,0.49162235376743246,0.98,Concentration_Ramp,Conformational_Shift,Midpoint_State,0.0003068163265306123,0.0001,-2778.952280645481,0.7164793819604696,-0.007926478651348502
t17,Transitioning,0.23408016051211,0.76591983948789,0.6510318635647064,0.46816032102422,0.98,Concentration_Ramp,Conformational_Shift,Midpoint_State,0.0003272040816326531,0.0001,-2938.426600354722,0.7276238475134955,-0.001365226975496593
t18,Transitioning,0.2234178369505745,0.7765821630494255,0.6600948385920117,0.446835673901149,0.98,Concentration_Ramp,Conformational_Shift,Midpoint_State,0.0003475918367346939,0.0001,-3088.258397884772,0.7377530548969542,-0.046663397953659806
t19,Transitioning,0.21368453185643888,0.7863154681435611,0.6683681479220269,0.42736906371287775,0.98,Concentration_Ramp,Conformational_Shift,Midpoint_State,0.0003679795918367347,0.0001,-3229.547544816098,0.7469996947363831,-0.022164112559575518
t20,Transitioning,0.20476389469285416,0.7952361053071458,0.675950689511074,0.40952778938570833,0.98,Concentration_Ramp,Conformational_Shift,Midpoint_State,0.00038836734693877554,0.0001,-3363.2158383478954,0.7554743000417885,-0.04424013570134505
t21,Transitioning,0.19655822536002254,0.8034417746399775,0.6829255084439808,0.3931164507200451,0.98,Concentration_Ramp,Conformational_Shift,Midpoint_State,0.00040875510204081635,0.0001,-3490.043482295772,0.7632696859079785,-0.00864730299617115
t22,Transitioning,0.1889848812095033,0.8110151187904967,0.6893628509719222,0.3779697624190066,0.98,Concentration_Ramp,Conformational_Shift,Midpoint_State,0.0004291428571428572,0.0001,-3610.696679444798,0.7704643628509719,0.08558542400711718
t23,Transitioning,0.18197348386377976,0.8180265161362202,0.6953225387157872,0.3639469677275595,0.98,Concentration_Ramp,Conformational_Shift,Midpoint_State,0.000449530612244898,0.0001,-3725.7488138181093,0.7771251903294092,-0.06859505714656781
t24,Transitioning,0.17546372556040968,0.8245362744395903,0.7008558332736518,0.35092745112081936,0.98,Concentration_Ramp,Conformational_Shift,Midpoint_State,0.00046991836734693883,0.0001,-3835.696930779686,0.7833094607176108,-0.08067806989383706
t25,Transitioning,0.16940363007778736,0.8305963699222126,0.7060069144338808,0.3388072601555747,0.98,Concentration_Ramp,Conformational_Shift,Midpoint_State,0.0004903061224489797,0.0001,-3940.9747144817406,0.7890665514261019,0.07355851637468043
t26,Transitioning,0.1637481620104264,0.8362518379895736,0.7108140622911375,0.3274963240208528,0.98,Concentration_Ramp,Conformational_Shift,Midpoint_State,0.0005106938775510205,0.0001,-4041.9628196882013,0.7944392460900949,-0.010466183857593306
t27,Transitioning,0.1584581056171782,0.8415418943828218,0.7153106102253985,0.3169162112343564,0.98,Concentration_Ramp,Conformational_Shift,Midpoint_State,0.0005310816326530613,0.0001,-4138.997179913048,0.7994647996636807,-0.03345363693299583
t28,Transitioning,0.15349915418833415,0.8465008458116658,0.7195257189399159,0.3069983083766683,0.98,Concentration_Ramp,Conformational_Shift,Midpoint_State,0.0005514693877551021,0.0001,-4232.375749649679,0.8041758035210825,0.05199523436980383
t29,Transitioning,0.1488411652136934,0.8511588347863066,0.7234850095683606,0.2976823304273868,0.98,Concentration_Ramp,Conformational_Shift,Midpoint_State,0.0005718571428571429,0.0001,-4322.364022032026,0.8086008930469912,-0.030280776986843207
t30,Transitioning,0.1444575471698114,0.8555424528301886,0.7272110849056603,0.2889150943396228,0.98,Concentration_Ramp,Conformational_Shift,Midpoint_State,0.0005922448979591837,0.0001,-4409.19957949541,0.8127653301886791,0.09130048567734682
t31,Transitioning,0.14032475156791435,0.8596752484320856,0.7307239611672728,0.2806495031358287,0.98,Concentration_Ramp,Conformational_Shift,Midpoint_State,0.0006126326530612246,0.0001,-4493.095873935555,0.8166914860104814,0.033896293566963456
t32,Transitioning,0.13642184976891814,0.8635781502310819,0.7340414276964196,0.27284369953783627,0.98,Concentration_Ramp,Conformational_Shift,Midpoint_State,0.0006330204081632653,0.0001,-4574.24538780194,0.8203992427195277,-0.024395570407285135
t33,Transitioning,0.1327301785085463,0.8672698214914537,0.7371793482677357,0.2654603570170926,0.98,Concentration_Ramp,Conformational_Shift,Midpoint_State,0.0006534081632653062,0.0001,-4652.822293936089,0.823906330416881,0.10786541066327518
t34,Transitioning,0.12923304146006964,0.8707669585399304,0.7401519147589408,0.2584660829201393,0.98,Concentration_Ramp,Conformational_Shift,Midpoint_State,0.000673795918367347,0.0001,-4728.9847066110315,0.8272286106129338,-0.030285746150166923
t35,Transitioning,0.1259154567647437,0.8740845432352563,0.7429718617499679,0.2518309135294874,0.98,Concentration_Ramp,Conformational_Shift,Midpoint_State,0.0006941836734693878,0.0001,-4802.876596924381,0.8303803160734935,0.03710476860046535
t36,Fully_Bound,0.12276394247632416,0.8772360575236758,0.7456506488951244,0.24552788495264832,0.98,Concentration_Ramp,Conformational_Shift,Complex_Attractor,0.0007145714285714287,0.0001,-4874.629430866768,0.833374254647492,0.014964629020324596
t37,Fully_Bound,0.11976633343924914,0.8802336665607509,0.7481986165766382,0.23953266687849828,0.98,Concentration_Ramp,Conformational_Shift,Complex_Attractor,0.0007349591836734694,0.0001,-4944.363576896411,0.8362219832327132,0.0650870644699399
t38,Fully_Bound,0.11691162435579316,0.8830883756442068,0.7506251192975758,0.23382324871158633,0.98,Concentration_Ramp,Conformational_Shift,Complex_Attractor,0.0007553469387755103,0.0001,-5012.189520876453,0.8389339568619965,0.07807555983634264
t39,Fully_Bound,0.11418983477430034,0.8858101652256997,0.7529386404418447,0.22837966954860067,0.98,Concentration_Ramp,Conformational_Shift,Complex_Attractor,0.000775734693877551,0.0001,-5078.208919170628,0.8415196569644147,0.0016002074532883313
t40,Fully_Bound,0.11159189250740154,0.8884081074925985,0.7551468913687087,0.22318378501480307,0.98,Concentration_Ramp,Conformational_Shift,Complex_Attractor,0.0007961224489795919,0.0001,-5142.515515098031,0.8439877021179685,-0.03767089351730918
t41,Fully_Bound,0.10910953261038991,0.8908904673896101,0.7572568972811685,0.21821906522077983,0.98,Concentration_Ramp,Conformational_Shift,Complex_Attractor,0.0008165102040816327,0.0001,-5205.195939485188,0.8463459440201295,0.022998607146955823
t42,Fully_Bound,0.10673520954953386,0.8932647904504661,0.7592750718828962,0.21347041909906772,0.98,Concentration_Ramp,Conformational_Shift,Complex_Attractor,0.0008368979591836735,0.0001,-5266.330412472041,0.8486015509279428,-0.03388576848760531
t43,Fully_Bound,0.10446202059394127,0.8955379794060587,0.7612072824951499,0.20892404118788255,0.98,Concentration_Ramp,Conformational_Shift,Complex_Attractor,0.0008572857142857144,0.0001,-5325.993360836719,0.8507610804357557,0.10066936237633116
t44,Fully_Bound,0.10228363879263547,0.8977163612073645,0.7630589070262598,0.20456727758527093,0.98,Concentration_Ramp,Conformational_Shift,Complex_Attractor,0.0008776734693877552,0.0001,-5384.253962756288,0.8528305431469962,0.006826766554136872
t45,Fully_Bound,0.10019425416624073,0.8998057458337593,0.7648348839586954,0.20038850833248145,0.98,Concentration_Ramp,Conformational_Shift,Complex_Attractor,0.000898061224489796,0.0001,-5441.176630004291,0.8548154585420713,-0.018266077565605436
t46,Fully_Bound,0.09818852196216743,0.9018114780378326,0.7665397563321577,0.19637704392433486,0.98,Concentration_Ramp,Conformational_Shift,Complex_Attractor,0.0009184489795918368,0.0001,-5496.8214360139855,0.8567209041359409,0.009234015293245421
t47,Fully_Bound,0.09626151700292707,0.9037384829970729,0.7681777105475119,0.19252303400585413,0.98,Concentration_Ramp,Conformational_Shift,Complex_Attractor,0.0009388367346938776,0.0001,-5551.244496940329,0.8585515588472192,-0.06735631447648482
t48,Fully_Bound,0.09440869330661628,0.9055913066933837,0.7697526106893762,0.18881738661323255,0.98,Concentration_Ramp,Conformational_Shift,Complex_Attractor,0.0009592244897959184,0.0001,-5604.498311780709,0.8603117413587145,-0.04858070192553258
t49,Fully_Bound,0.0926258482826412,0.9073741517173588,0.771268028959755,0.1852516965652824,0.98,Concentration_Ramp,Conformational_Shift,Complex_Attractor,0.0009796122448979593,0.0001,-5656.632066722083,0.8620054441314908,0.06002069539722127
t50,Fully_Bound,0.09090909090909094,0.9090909090909091,0.7727272727272727,0.18181818181818188,0.98,Concentration_Ramp,Conformational_Shift,Complex_Attractor,0.001,0.0001,-5707.691908136799,0.8636363636363635,-0.03284471394856979
